-- phpMyAdmin SQL Dump
-- version 4.9.4
-- https://www.phpmyadmin.net/
--
-- Хост: 10.0.0.129:3306
-- Время создания: Апр 11 2020 г., 14:21
-- Версия сервера: 10.1.40-MariaDB
-- Версия PHP: 7.4.1

SET SQL_MODE = "NO_AUTO_VALUE_ON_ZERO";
SET AUTOCOMMIT = 0;
START TRANSACTION;
SET time_zone = "+00:00";


/*!40101 SET @OLD_CHARACTER_SET_CLIENT=@@CHARACTER_SET_CLIENT */;
/*!40101 SET @OLD_CHARACTER_SET_RESULTS=@@CHARACTER_SET_RESULTS */;
/*!40101 SET @OLD_COLLATION_CONNECTION=@@COLLATION_CONNECTION */;
/*!40101 SET NAMES utf8mb4 */;

--
-- База данных: `rootpokrov_matcha`
--

-- --------------------------------------------------------

--
-- Структура таблицы `blocks`
--

CREATE TABLE `blocks` (
  `id` int(11) NOT NULL,
  `id_belong` int(11) NOT NULL,
  `id_blocked` int(11) NOT NULL
) ENGINE=InnoDB DEFAULT CHARSET=utf8;

-- --------------------------------------------------------

--
-- Структура таблицы `chat`
--

CREATE TABLE `chat` (
  `id` int(11) NOT NULL,
  `id_poster` int(11) NOT NULL,
  `id_receptor` int(11) NOT NULL,
  `message` text,
  `date_message` datetime NOT NULL,
  `unread` tinyint(4) DEFAULT NULL
) ENGINE=InnoDB DEFAULT CHARSET=utf8;

-- --------------------------------------------------------

--
-- Структура таблицы `likes`
--

CREATE TABLE `likes` (
  `id` int(11) NOT NULL,
  `id_belong` int(11) NOT NULL,
  `id_liked` int(11) NOT NULL
) ENGINE=InnoDB DEFAULT CHARSET=utf8;

-- --------------------------------------------------------

--
-- Структура таблицы `notifications`
--

CREATE TABLE `notifications` (
  `id` int(11) NOT NULL,
  `id_belong` int(11) NOT NULL,
  `id_sender` int(11) NOT NULL,
  `unread` tinyint(1) NOT NULL,
  `delivered` tinyint(4) DEFAULT '0',
  `type` varchar(255) NOT NULL,
  `date_notif` datetime NOT NULL
) ENGINE=InnoDB DEFAULT CHARSET=utf8;

--
-- Дамп данных таблицы `notifications`
--

INSERT INTO `notifications` (`id`, `id_belong`, `id_sender`, `unread`, `delivered`, `type`, `date_notif`) VALUES
(185, 62, 15, 0, 1, 'like', '2020-03-16 11:39:45'),
(186, 15, 62, 0, 1, 'likeback', '2020-03-16 11:40:01'),
(187, 62, 15, 0, 1, 'message', '2020-03-16 11:40:34'),
(188, 15, 62, 0, 1, 'unlike', '2020-03-16 11:41:45'),
(189, 15, 62, 0, 1, 'likeback', '2020-03-16 11:41:58'),
(190, 15, 62, 0, 1, 'unlike', '2020-03-16 11:42:13'),
(191, 15, 62, 0, 1, 'likeback', '2020-03-16 11:42:31'),
(192, 62, 15, 0, 1, 'message', '2020-03-16 11:43:28'),
(193, 62, 15, 0, 1, 'message', '2020-03-16 11:43:36'),
(194, 62, 15, 0, 1, 'message', '2020-03-16 11:43:38'),
(195, 15, 62, 0, 1, 'message', '2020-03-16 11:43:39'),
(196, 15, 62, 0, 1, 'message', '2020-03-16 11:43:45'),
(197, 62, 15, 0, 1, 'message', '2020-03-16 11:43:51'),
(198, 15, 62, 0, 1, 'message', '2020-03-16 11:43:52'),
(199, 62, 15, 0, 1, 'message', '2020-03-16 11:43:54'),
(200, 15, 62, 0, 1, 'message', '2020-03-16 11:44:00'),
(201, 15, 62, 0, 1, 'message', '2020-03-16 11:44:06'),
(202, 15, 62, 0, 1, 'message', '2020-03-16 11:44:48'),
(203, 62, 15, 0, 1, 'message', '2020-03-16 20:01:58'),
(204, 62, 15, 0, 1, 'message', '2020-03-16 20:09:32'),
(205, 62, 15, 0, 1, 'message', '2020-03-16 20:09:53'),
(206, 62, 15, 0, 1, 'message', '2020-03-16 20:15:19'),
(207, 62, 15, 0, 1, 'message', '2020-03-16 20:15:21'),
(208, 62, 15, 0, 1, 'message', '2020-03-16 20:15:29'),
(209, 15, 62, 0, 1, 'message', '2020-03-16 20:15:34'),
(210, 62, 15, 0, 1, 'message', '2020-03-16 20:15:34'),
(211, 62, 15, 0, 1, 'message', '2020-03-16 20:15:57'),
(212, 15, 62, 0, 1, 'message', '2020-03-16 20:16:03'),
(213, 15, 62, 0, 1, 'message', '2020-03-16 20:16:08'),
(214, 15, 62, 0, 1, 'message', '2020-03-16 20:16:12'),
(215, 15, 62, 0, 1, 'message', '2020-03-16 20:16:20'),
(216, 15, 62, 0, 1, 'message', '2020-03-16 20:16:22'),
(217, 15, 62, 0, 1, 'message', '2020-03-16 20:16:31'),
(218, 62, 15, 0, 1, 'message', '2020-03-16 20:17:06'),
(219, 62, 15, 0, 1, 'message', '2020-03-16 20:17:07'),
(220, 62, 15, 0, 1, 'message', '2020-03-16 20:17:09'),
(221, 62, 15, 0, 1, 'message', '2020-03-16 20:17:15'),
(222, 62, 15, 0, 1, 'message', '2020-03-16 20:21:03'),
(223, 62, 15, 0, 1, 'message', '2020-03-16 20:21:14'),
(224, 62, 15, 0, 1, 'message', '2020-03-16 20:23:51'),
(225, 62, 15, 0, 1, 'message', '2020-03-16 20:25:37'),
(226, 62, 15, 0, 1, 'message', '2020-03-16 20:25:39'),
(227, 62, 15, 0, 1, 'message', '2020-03-16 20:25:43'),
(228, 62, 15, 0, 1, 'message', '2020-03-16 20:25:46'),
(229, 62, 15, 0, 1, 'message', '2020-03-16 20:25:50'),
(230, 62, 15, 0, 1, 'message', '2020-03-16 20:25:54'),
(231, 62, 15, 0, 1, 'message', '2020-03-16 20:27:45'),
(232, 62, 15, 0, 1, 'message', '2020-03-16 20:29:16'),
(233, 62, 15, 0, 1, 'message', '2020-03-16 20:29:30'),
(234, 62, 15, 0, 1, 'message', '2020-03-16 20:30:36'),
(235, 62, 15, 0, 1, 'message', '2020-03-16 20:30:38'),
(236, 62, 15, 0, 1, 'message', '2020-03-16 20:30:40'),
(237, 62, 15, 0, 1, 'message', '2020-03-16 20:31:38'),
(238, 15, 62, 0, 1, 'message', '2020-03-16 20:32:03'),
(239, 15, 62, 0, 1, 'message', '2020-03-16 20:32:05'),
(240, 15, 62, 0, 1, 'message', '2020-03-16 20:33:35'),
(241, 15, 62, 0, 1, 'message', '2020-03-16 20:34:20'),
(242, 62, 15, 0, 1, 'message', '2020-03-16 20:35:28'),
(243, 15, 62, 0, 1, 'message', '2020-03-16 20:36:18'),
(244, 15, 62, 0, 1, 'message', '2020-03-16 20:36:25'),
(245, 15, 62, 0, 1, 'message', '2020-03-16 20:36:29'),
(246, 15, 62, 0, 1, 'message', '2020-03-16 20:36:38'),
(247, 62, 15, 0, 1, 'message', '2020-03-16 20:37:24'),
(248, 15, 62, 0, 1, 'message', '2020-03-16 20:37:29'),
(249, 15, 62, 0, 1, 'message', '2020-03-16 20:38:17'),
(250, 62, 15, 0, 1, 'message', '2020-03-16 21:39:22'),
(251, 62, 15, 0, 1, 'message', '2020-03-16 21:39:29'),
(252, 15, 62, 0, 1, 'message', '2020-03-16 21:39:32'),
(253, 62, 15, 0, 1, 'message', '2020-03-16 21:41:49'),
(254, 62, 15, 0, 1, 'message', '2020-03-16 21:41:57'),
(255, 62, 15, 0, 1, 'message', '2020-03-16 21:42:45'),
(256, 62, 15, 0, 1, 'message', '2020-03-16 21:43:16'),
(257, 62, 15, 0, 1, 'message', '2020-03-16 21:44:45'),
(258, 15, 62, 0, 1, 'message', '2020-03-16 21:45:01'),
(259, 15, 62, 0, 1, 'message', '2020-03-16 21:45:11'),
(260, 62, 15, 0, 1, 'message', '2020-03-16 21:46:20'),
(261, 15, 62, 0, 1, 'message', '2020-03-16 21:46:24'),
(262, 15, 62, 0, 1, 'message', '2020-03-16 21:46:25'),
(263, 15, 62, 0, 1, 'message', '2020-03-16 21:46:26'),
(264, 15, 62, 0, 1, 'message', '2020-03-16 21:46:27'),
(265, 15, 62, 0, 1, 'message', '2020-03-16 21:46:28'),
(266, 15, 62, 0, 1, 'message', '2020-03-16 21:46:29'),
(267, 15, 62, 0, 1, 'message', '2020-03-16 21:46:31'),
(268, 15, 62, 0, 1, 'message', '2020-03-16 21:46:33'),
(269, 15, 62, 0, 1, 'message', '2020-03-16 21:46:34'),
(270, 15, 62, 0, 1, 'message', '2020-03-16 21:46:36'),
(271, 15, 62, 0, 1, 'message', '2020-03-16 21:46:40'),
(272, 15, 62, 0, 1, 'message', '2020-03-16 21:46:45'),
(273, 15, 62, 0, 1, 'message', '2020-03-16 21:46:48'),
(274, 15, 62, 0, 1, 'message', '2020-03-16 21:46:50'),
(275, 15, 62, 0, 1, 'message', '2020-03-16 21:46:59'),
(276, 62, 15, 0, 1, 'message', '2020-03-16 21:48:57'),
(277, 62, 15, 0, 1, 'message', '2020-03-16 21:48:58'),
(278, 62, 15, 0, 1, 'message', '2020-03-16 21:49:00'),
(279, 62, 15, 0, 1, 'message', '2020-03-16 21:49:01'),
(280, 62, 15, 0, 1, 'message', '2020-03-16 21:49:02'),
(281, 62, 15, 0, 1, 'message', '2020-03-16 21:49:03'),
(282, 62, 15, 0, 1, 'message', '2020-03-16 21:49:04'),
(283, 62, 15, 0, 1, 'message', '2020-03-16 21:49:05'),
(284, 62, 15, 0, 1, 'message', '2020-03-16 21:49:06'),
(285, 62, 15, 0, 1, 'message', '2020-03-16 21:49:07'),
(286, 62, 15, 0, 1, 'message', '2020-03-16 21:49:08'),
(287, 62, 15, 0, 1, 'message', '2020-03-16 21:49:09'),
(288, 62, 15, 0, 1, 'message', '2020-03-16 21:49:10'),
(289, 62, 15, 0, 1, 'message', '2020-03-16 21:49:11'),
(290, 62, 15, 0, 1, 'message', '2020-03-16 21:49:13'),
(291, 62, 15, 0, 1, 'message', '2020-03-16 21:49:22'),
(292, 62, 15, 0, 1, 'message', '2020-03-16 21:49:24'),
(293, 62, 15, 0, 1, 'message', '2020-03-16 21:49:25'),
(294, 62, 15, 0, 1, 'message', '2020-03-16 21:49:25'),
(295, 62, 15, 0, 1, 'message', '2020-03-16 21:49:26'),
(296, 62, 15, 0, 1, 'message', '2020-03-16 21:49:37'),
(297, 15, 62, 0, 1, 'message', '2020-03-16 21:50:01'),
(298, 15, 62, 0, 1, 'message', '2020-03-16 21:50:08'),
(299, 15, 62, 0, 1, 'message', '2020-03-16 21:50:36'),
(300, 15, 62, 0, 1, 'message', '2020-03-16 21:50:37'),
(301, 15, 62, 0, 1, 'message', '2020-03-16 21:50:41'),
(302, 15, 62, 1, 1, 'message', '2020-03-16 21:51:01'),
(303, 62, 15, 0, 1, 'message', '2020-03-16 21:53:27'),
(304, 62, 15, 0, 1, 'message', '2020-03-16 21:53:28'),
(305, 62, 15, 0, 1, 'message', '2020-03-16 21:53:30'),
(306, 62, 15, 0, 1, 'message', '2020-03-16 21:53:31'),
(307, 62, 15, 0, 1, 'message', '2020-03-16 21:53:32'),
(308, 62, 15, 0, 1, 'message', '2020-03-16 21:53:33'),
(309, 62, 15, 0, 1, 'message', '2020-03-16 21:53:35'),
(310, 15, 62, 1, 1, 'message', '2020-03-16 21:53:36'),
(311, 62, 15, 0, 1, 'message', '2020-03-16 21:53:37'),
(312, 15, 62, 1, 1, 'message', '2020-03-16 21:53:38'),
(313, 15, 62, 1, 1, 'message', '2020-03-16 21:53:42'),
(314, 15, 62, 1, 1, 'message', '2020-03-16 21:53:59'),
(315, 15, 62, 1, 1, 'message', '2020-03-16 21:54:04'),
(316, 15, 62, 1, 1, 'message', '2020-03-16 21:54:04'),
(317, 15, 62, 1, 1, 'message', '2020-03-16 21:54:06'),
(318, 15, 62, 1, 1, 'message', '2020-03-16 21:54:06'),
(319, 15, 62, 1, 1, 'message', '2020-03-16 21:54:06'),
(320, 62, 15, 0, 1, 'message', '2020-03-16 21:54:06'),
(321, 62, 15, 0, 1, 'message', '2020-03-16 21:54:09'),
(322, 62, 15, 0, 1, 'message', '2020-03-16 21:54:55'),
(323, 62, 15, 0, 1, 'message', '2020-03-16 21:54:55'),
(324, 62, 15, 0, 1, 'message', '2020-03-16 21:54:55'),
(325, 15, 62, 1, 1, 'message', '2020-03-16 21:55:00'),
(326, 62, 15, 0, 1, 'message', '2020-03-16 21:55:10'),
(327, 62, 15, 0, 1, 'message', '2020-03-16 21:55:17'),
(328, 62, 15, 0, 1, 'message', '2020-03-16 21:55:20'),
(329, 62, 15, 0, 1, 'message', '2020-03-16 21:57:52'),
(330, 62, 15, 0, 1, 'message', '2020-03-16 21:59:28'),
(331, 62, 15, 0, 1, 'message', '2020-03-16 22:00:40'),
(332, 15, 62, 1, 1, 'message', '2020-03-16 22:00:45'),
(333, 15, 62, 1, 1, 'message', '2020-03-16 22:04:56'),
(334, 62, 15, 0, 1, 'message', '2020-03-16 22:06:40'),
(335, 62, 15, 0, 1, 'message', '2020-03-16 22:08:15'),
(336, 62, 15, 0, 1, 'message', '2020-03-16 22:08:17'),
(337, 62, 15, 0, 1, 'message', '2020-03-16 22:08:18'),
(338, 62, 15, 0, 1, 'message', '2020-03-16 22:08:19'),
(339, 62, 15, 0, 1, 'message', '2020-03-16 22:08:20'),
(340, 62, 15, 0, 1, 'message', '2020-03-16 22:08:21'),
(341, 62, 15, 0, 1, 'message', '2020-03-16 22:08:21'),
(342, 62, 15, 0, 1, 'message', '2020-03-16 22:08:22'),
(343, 62, 15, 0, 1, 'message', '2020-03-16 22:08:23'),
(344, 62, 15, 0, 1, 'message', '2020-03-16 22:08:25'),
(345, 62, 15, 0, 1, 'message', '2020-03-16 22:08:30'),
(346, 62, 15, 0, 1, 'message', '2020-03-16 22:09:22'),
(347, 62, 15, 0, 1, 'message', '2020-03-16 22:10:17'),
(348, 62, 15, 0, 1, 'message', '2020-03-16 22:10:26'),
(349, 62, 15, 0, 1, 'message', '2020-03-16 22:14:09'),
(350, 62, 15, 0, 1, 'message', '2020-03-16 22:14:17'),
(351, 62, 15, 0, 1, 'message', '2020-03-16 22:18:46'),
(352, 62, 15, 0, 1, 'message', '2020-03-16 22:19:40'),
(353, 62, 15, 0, 1, 'message', '2020-03-16 22:19:42'),
(354, 15, 62, 1, 1, 'message', '2020-03-16 22:19:58'),
(355, 62, 15, 0, 1, 'message', '2020-03-16 22:20:48'),
(356, 19, 61, 1, 0, 'unlike', '2020-03-22 04:44:23'),
(357, 61, 2, 0, 1, 'likeback', '2020-03-29 08:44:47'),
(358, 2, 61, 0, 1, 'message', '2020-03-29 08:45:42'),
(359, 2, 61, 0, 1, 'message', '2020-03-29 08:45:46'),
(360, 2, 61, 0, 1, 'message', '2020-03-29 08:45:49'),
(361, 2, 61, 0, 1, 'message', '2020-03-29 08:45:50'),
(362, 2, 61, 0, 1, 'message', '2020-03-29 08:45:51'),
(363, 2, 61, 0, 1, 'message', '2020-03-29 08:45:52'),
(364, 2, 61, 0, 1, 'message', '2020-03-29 08:45:54'),
(365, 2, 61, 0, 1, 'message', '2020-03-29 08:48:20'),
(366, 2, 61, 0, 1, 'message', '2020-03-29 08:51:07'),
(367, 2, 61, 0, 1, 'message', '2020-03-29 08:52:51'),
(368, 2, 61, 0, 1, 'message', '2020-03-29 08:52:59'),
(369, 2, 61, 0, 1, 'message', '2020-03-29 08:58:12'),
(370, 2, 61, 0, 1, 'message', '2020-03-29 09:13:57'),
(371, 2, 61, 0, 1, 'message', '2020-03-29 09:15:07'),
(372, 2, 61, 0, 1, 'message', '2020-03-29 09:15:14'),
(373, 2, 61, 0, 1, 'message', '2020-03-29 09:17:18'),
(374, 2, 61, 0, 1, 'message', '2020-03-29 09:19:14'),
(375, 2, 61, 0, 1, 'message', '2020-03-29 09:23:01'),
(376, 2, 61, 0, 1, 'message', '2020-03-29 09:23:19'),
(377, 2, 61, 0, 1, 'message', '2020-03-29 09:23:37'),
(378, 2, 61, 0, 1, 'message', '2020-03-29 09:23:58'),
(379, 2, 61, 0, 1, 'message', '2020-03-29 09:24:31'),
(380, 2, 61, 0, 1, 'message', '2020-03-29 09:24:41'),
(381, 2, 61, 0, 1, 'message', '2020-03-29 09:26:09'),
(382, 2, 61, 0, 1, 'message', '2020-03-29 09:26:28'),
(383, 2, 61, 0, 1, 'message', '2020-03-29 09:26:31'),
(384, 2, 61, 0, 1, 'message', '2020-03-29 09:26:33'),
(385, 2, 61, 0, 1, 'message', '2020-03-29 09:26:35'),
(386, 2, 61, 0, 1, 'message', '2020-03-29 09:26:36'),
(387, 2, 61, 0, 1, 'message', '2020-03-29 09:26:38'),
(388, 2, 61, 0, 1, 'message', '2020-03-29 09:26:42'),
(389, 2, 61, 0, 1, 'message', '2020-03-29 09:29:21'),
(390, 2, 61, 0, 1, 'message', '2020-03-29 09:29:23'),
(391, 2, 61, 0, 1, 'message', '2020-03-29 09:29:25'),
(392, 2, 61, 0, 1, 'message', '2020-03-29 09:29:59'),
(393, 11, 61, 1, 0, 'unlike', '2020-03-29 09:32:32'),
(394, 17, 61, 1, 0, 'unlike', '2020-03-29 09:36:36'),
(395, 10, 61, 1, 0, 'unlike', '2020-03-29 09:36:42'),
(396, 17, 61, 1, 0, 'like', '2020-03-29 09:36:47'),
(397, 7, 61, 1, 0, 'like', '2020-03-29 09:36:48'),
(398, 17, 61, 1, 0, 'unlike', '2020-03-29 10:02:05'),
(399, 7, 61, 1, 0, 'unlike', '2020-03-29 10:31:30'),
(400, 2, 61, 0, 1, 'unlike', '2020-03-29 10:31:31'),
(401, 2, 61, 0, 1, 'likeback', '2020-03-29 10:31:51'),
(402, 11, 61, 1, 0, 'like', '2020-03-29 10:31:54'),
(403, 13, 61, 1, 0, 'like', '2020-03-29 10:31:55'),
(404, 2, 61, 0, 1, 'unlike', '2020-03-29 10:37:14'),
(405, 2, 61, 0, 1, 'likeback', '2020-03-29 10:41:49'),
(406, 2, 61, 0, 1, 'unlike', '2020-03-29 11:39:05'),
(407, 13, 61, 1, 0, 'unlike', '2020-03-29 11:39:06'),
(408, 11, 61, 1, 0, 'unlike', '2020-03-29 11:39:06'),
(409, 17, 61, 1, 0, 'like', '2020-03-29 11:39:17'),
(410, 2, 61, 0, 1, 'likeback', '2020-03-29 11:39:19'),
(411, 2, 61, 0, 1, 'message', '2020-03-29 11:42:41'),
(412, 2, 61, 0, 1, 'message', '2020-03-29 11:42:49'),
(413, 2, 61, 0, 1, 'message', '2020-03-29 11:42:51'),
(414, 2, 61, 0, 1, 'message', '2020-03-29 11:42:53'),
(415, 2, 61, 0, 1, 'message', '2020-03-29 11:45:36'),
(416, 2, 61, 0, 1, 'message', '2020-03-29 11:45:43'),
(417, 2, 61, 0, 1, 'message', '2020-03-29 11:45:52'),
(418, 15, 62, 1, 0, 'message', '2020-03-29 11:45:57'),
(419, 2, 61, 0, 1, 'message', '2020-03-29 11:45:59'),
(420, 15, 62, 1, 0, 'message', '2020-03-29 11:46:06'),
(421, 2, 61, 0, 1, 'message', '2020-03-29 11:46:39'),
(422, 2, 61, 0, 1, 'message', '2020-03-29 11:47:06'),
(423, 2, 61, 0, 1, 'message', '2020-03-29 12:11:47'),
(424, 2, 61, 0, 1, 'message', '2020-03-29 12:11:56'),
(425, 15, 62, 1, 0, 'message', '2020-03-29 12:12:01'),
(426, 2, 61, 0, 1, 'message', '2020-03-29 16:44:44'),
(427, 2, 61, 0, 1, 'message', '2020-03-29 17:25:44'),
(428, 2, 61, 0, 1, 'message', '2020-03-29 17:25:47'),
(429, 61, 2, 0, 1, 'message', '2020-03-29 17:25:52'),
(430, 61, 2, 0, 1, 'message', '2020-03-29 17:26:05'),
(431, 61, 2, 0, 1, 'message', '2020-03-29 17:49:35'),
(432, 61, 2, 0, 1, 'message', '2020-03-29 17:51:31'),
(433, 61, 2, 0, 1, 'message', '2020-03-29 17:52:09'),
(434, 2, 61, 0, 1, 'message', '2020-03-29 18:00:24'),
(435, 61, 2, 0, 1, 'message', '2020-03-29 18:00:58'),
(436, 2, 61, 0, 1, 'message', '2020-03-29 18:01:40'),
(437, 61, 2, 0, 1, 'message', '2020-03-29 18:02:12'),
(438, 61, 2, 0, 1, 'message', '2020-03-29 18:03:00'),
(439, 61, 2, 0, 1, 'message', '2020-03-29 18:05:11'),
(440, 2, 61, 0, 1, 'message', '2020-03-29 18:07:37'),
(441, 61, 2, 0, 1, 'message', '2020-03-29 18:08:56'),
(442, 2, 61, 0, 1, 'message', '2020-03-29 18:10:02'),
(443, 2, 61, 0, 1, 'message', '2020-03-29 18:11:59'),
(444, 2, 61, 0, 1, 'message', '2020-03-29 18:13:40'),
(445, 2, 61, 0, 1, 'message', '2020-03-29 18:15:24'),
(446, 61, 2, 0, 1, 'message', '2020-03-29 18:15:53'),
(447, 2, 61, 0, 1, 'message', '2020-03-29 18:16:31'),
(448, 2, 61, 0, 1, 'message', '2020-03-29 18:26:18'),
(449, 2, 61, 0, 1, 'message', '2020-04-03 20:59:59'),
(450, 2, 61, 0, 1, 'message', '2020-04-04 11:24:08'),
(451, 2, 61, 0, 1, 'message', '2020-04-04 11:34:17'),
(452, 2, 61, 0, 1, 'message', '2020-04-04 12:18:35'),
(453, 2, 61, 0, 1, 'message', '2020-04-04 12:18:38'),
(454, 2, 61, 0, 1, 'message', '2020-04-04 12:18:40'),
(455, 2, 61, 0, 1, 'message', '2020-04-04 12:24:26'),
(456, 2, 61, 0, 1, 'message', '2020-04-04 12:29:46'),
(457, 2, 61, 0, 1, 'message', '2020-04-04 12:33:30'),
(458, 2, 61, 0, 1, 'message', '2020-04-04 12:34:21'),
(459, 2, 61, 0, 1, 'message', '2020-04-04 12:40:54'),
(460, 2, 61, 0, 1, 'message', '2020-04-04 12:40:58'),
(461, 2, 61, 0, 1, 'message', '2020-04-04 12:42:02'),
(462, 2, 61, 0, 1, 'message', '2020-04-04 12:43:46'),
(463, 2, 61, 0, 1, 'message', '2020-04-05 18:16:09'),
(464, 2, 61, 0, 1, 'message', '2020-04-05 18:16:14'),
(465, 2, 61, 0, 1, 'message', '2020-04-05 18:17:07'),
(466, 61, 2, 0, 1, 'message', '2020-04-05 18:19:14'),
(467, 2, 61, 0, 1, 'message', '2020-04-05 18:19:54'),
(468, 61, 2, 0, 1, 'message', '2020-04-05 18:20:31'),
(469, 2, 61, 0, 1, 'message', '2020-04-05 18:22:27'),
(470, 2, 61, 0, 1, 'message', '2020-04-05 18:22:32'),
(471, 61, 2, 0, 1, 'message', '2020-04-05 18:23:11'),
(472, 2, 61, 0, 1, 'message', '2020-04-05 18:23:13'),
(473, 2, 61, 0, 1, 'message', '2020-04-05 18:23:15'),
(474, 2, 61, 0, 1, 'message', '2020-04-05 18:23:16'),
(475, 2, 61, 0, 1, 'message', '2020-04-05 18:23:25'),
(476, 61, 2, 0, 1, 'message', '2020-04-05 18:24:00'),
(477, 61, 2, 0, 1, 'message', '2020-04-05 18:24:10'),
(478, 61, 2, 0, 1, 'message', '2020-04-05 18:24:16'),
(479, 2, 61, 0, 1, 'message', '2020-04-05 18:26:09'),
(480, 2, 61, 0, 1, 'message', '2020-04-05 18:28:34'),
(481, 2, 61, 0, 1, 'message', '2020-04-05 18:28:36'),
(482, 61, 2, 0, 1, 'message', '2020-04-05 18:31:04'),
(483, 61, 2, 0, 1, 'message', '2020-04-05 18:31:09'),
(484, 61, 2, 0, 1, 'message', '2020-04-05 18:31:13'),
(485, 61, 2, 0, 1, 'message', '2020-04-05 18:31:18'),
(486, 61, 2, 0, 1, 'message', '2020-04-05 18:31:25'),
(487, 61, 2, 0, 1, 'message', '2020-04-05 18:31:34'),
(488, 2, 61, 0, 1, 'message', '2020-04-05 18:31:50'),
(489, 61, 2, 0, 1, 'message', '2020-04-05 18:31:52'),
(490, 2, 61, 0, 1, 'message', '2020-04-05 18:32:06'),
(491, 2, 61, 0, 1, 'message', '2020-04-05 18:32:08'),
(492, 2, 61, 0, 1, 'message', '2020-04-05 18:32:11'),
(493, 61, 2, 0, 1, 'message', '2020-04-05 18:32:11'),
(494, 61, 2, 0, 1, 'message', '2020-04-05 18:32:23'),
(495, 61, 2, 0, 1, 'message', '2020-04-05 18:32:40'),
(496, 61, 2, 0, 1, 'message', '2020-04-05 18:33:16'),
(497, 2, 61, 0, 1, 'message', '2020-04-05 18:33:56'),
(498, 2, 61, 0, 1, 'message', '2020-04-05 18:33:59'),
(499, 2, 61, 0, 1, 'message', '2020-04-05 18:34:01'),
(500, 61, 2, 0, 1, 'message', '2020-04-05 18:35:22'),
(501, 61, 2, 0, 1, 'message', '2020-04-05 18:35:58'),
(502, 2, 61, 0, 1, 'message', '2020-04-05 18:36:17'),
(503, 2, 61, 0, 1, 'message', '2020-04-05 18:36:19'),
(504, 2, 61, 0, 1, 'message', '2020-04-05 18:36:20'),
(505, 2, 61, 0, 1, 'message', '2020-04-05 18:36:21'),
(506, 2, 61, 0, 1, 'message', '2020-04-05 18:36:23'),
(507, 2, 61, 0, 1, 'message', '2020-04-05 18:36:24'),
(508, 2, 61, 0, 1, 'message', '2020-04-05 18:36:25'),
(509, 2, 61, 0, 1, 'message', '2020-04-05 18:36:26'),
(510, 2, 61, 0, 1, 'message', '2020-04-05 18:36:27'),
(511, 2, 61, 0, 1, 'message', '2020-04-05 18:37:04'),
(512, 2, 61, 0, 1, 'message', '2020-04-05 18:39:58'),
(513, 2, 61, 0, 1, 'message', '2020-04-05 18:40:01'),
(514, 2, 61, 0, 1, 'message', '2020-04-05 18:40:02'),
(515, 61, 2, 0, 1, 'message', '2020-04-05 18:40:33'),
(516, 61, 2, 0, 1, 'message', '2020-04-05 18:40:37'),
(517, 61, 2, 0, 1, 'message', '2020-04-05 18:40:44'),
(518, 61, 2, 0, 1, 'message', '2020-04-05 18:40:52'),
(519, 61, 2, 0, 1, 'message', '2020-04-05 18:42:33'),
(520, 61, 2, 0, 1, 'message', '2020-04-05 18:42:46'),
(521, 61, 2, 0, 1, 'message', '2020-04-05 18:43:01'),
(522, 2, 61, 0, 1, 'message', '2020-04-05 18:43:02'),
(523, 2, 61, 0, 1, 'message', '2020-04-05 20:21:54'),
(524, 2, 61, 0, 1, 'message', '2020-04-05 20:21:58'),
(525, 2, 61, 0, 1, 'message', '2020-04-05 20:24:14'),
(526, 2, 61, 0, 1, 'message', '2020-04-05 20:27:58'),
(527, 2, 61, 0, 1, 'message', '2020-04-05 20:28:01'),
(528, 2, 61, 0, 1, 'message', '2020-04-05 20:28:03'),
(529, 2, 61, 0, 1, 'message', '2020-04-05 20:29:15'),
(530, 2, 61, 0, 1, 'message', '2020-04-05 20:29:16'),
(531, 2, 61, 0, 1, 'message', '2020-04-05 20:29:18'),
(532, 2, 61, 0, 1, 'message', '2020-04-05 20:29:19'),
(533, 2, 61, 0, 1, 'message', '2020-04-05 20:29:20'),
(534, 2, 61, 0, 1, 'message', '2020-04-05 20:29:47'),
(535, 61, 2, 0, 1, 'message', '2020-04-05 20:29:56'),
(536, 61, 2, 0, 1, 'message', '2020-04-05 20:29:58'),
(537, 61, 2, 0, 1, 'message', '2020-04-05 20:29:59'),
(538, 61, 2, 0, 1, 'message', '2020-04-05 20:30:00'),
(539, 61, 2, 0, 1, 'message', '2020-04-06 13:32:27'),
(540, 61, 2, 0, 1, 'message', '2020-04-06 13:32:30'),
(541, 61, 2, 0, 1, 'message', '2020-04-06 13:32:31'),
(542, 61, 2, 0, 1, 'message', '2020-04-06 13:32:48'),
(543, 2, 61, 0, 1, 'message', '2020-04-08 10:37:11'),
(544, 2, 61, 0, 1, 'message', '2020-04-08 10:37:34'),
(545, 2, 61, 0, 1, 'message', '2020-04-08 10:38:30'),
(546, 2, 61, 0, 1, 'message', '2020-04-08 10:38:34'),
(547, 2, 61, 0, 1, 'message', '2020-04-08 10:44:59'),
(548, 2, 61, 0, 1, 'message', '2020-04-08 10:45:13'),
(549, 2, 61, 0, 1, 'message', '2020-04-08 10:46:05'),
(550, 2, 61, 0, 1, 'message', '2020-04-08 10:46:10'),
(551, 2, 61, 0, 1, 'message', '2020-04-08 10:47:36'),
(552, 2, 61, 0, 1, 'message', '2020-04-08 10:47:40'),
(553, 61, 2, 0, 1, 'message', '2020-04-08 11:19:55'),
(554, 61, 2, 0, 1, 'message', '2020-04-08 11:20:16'),
(555, 61, 2, 0, 1, 'message', '2020-04-08 11:20:27'),
(556, 61, 2, 0, 1, 'message', '2020-04-08 11:20:29'),
(557, 61, 2, 0, 1, 'message', '2020-04-08 11:23:11'),
(558, 61, 2, 0, 1, 'message', '2020-04-08 11:23:32'),
(559, 61, 2, 0, 1, 'message', '2020-04-08 11:24:13'),
(560, 61, 2, 0, 1, 'message', '2020-04-08 11:24:15'),
(561, 2, 61, 0, 1, 'message', '2020-04-08 11:24:18'),
(562, 2, 61, 0, 1, 'message', '2020-04-08 11:24:19'),
(563, 2, 61, 0, 1, 'message', '2020-04-08 11:24:23'),
(564, 2, 61, 0, 1, 'message', '2020-04-08 11:24:32'),
(565, 2, 61, 0, 1, 'message', '2020-04-08 11:24:38'),
(566, 61, 2, 0, 1, 'message', '2020-04-08 11:25:14'),
(567, 61, 2, 0, 1, 'message', '2020-04-08 11:25:20'),
(568, 2, 61, 0, 1, 'message', '2020-04-08 11:25:24'),
(569, 2, 61, 0, 1, 'message', '2020-04-08 11:25:44'),
(570, 2, 61, 0, 1, 'message', '2020-04-08 11:26:27'),
(571, 61, 2, 0, 1, 'message', '2020-04-08 11:26:41'),
(572, 2, 61, 0, 1, 'message', '2020-04-08 11:27:51'),
(573, 61, 2, 0, 1, 'message', '2020-04-08 11:28:13'),
(574, 2, 61, 0, 1, 'message', '2020-04-08 11:28:27'),
(575, 2, 61, 0, 1, 'message', '2020-04-08 11:29:13'),
(576, 2, 61, 0, 1, 'message', '2020-04-08 11:30:26'),
(577, 2, 61, 0, 1, 'message', '2020-04-08 11:30:28'),
(578, 61, 2, 0, 1, 'message', '2020-04-08 11:30:33'),
(579, 61, 2, 0, 1, 'message', '2020-04-08 11:31:19'),
(580, 2, 61, 0, 1, 'message', '2020-04-08 11:33:47'),
(581, 61, 62, 0, 1, 'report', '2020-04-08 11:44:03'),
(582, 61, 2, 0, 1, 'message', '2020-04-08 11:51:04'),
(583, 61, 2, 0, 1, 'message', '2020-04-08 11:51:24'),
(584, 61, 2, 0, 1, 'message', '2020-04-08 11:51:40'),
(585, 61, 2, 0, 1, 'message', '2020-04-08 11:57:58'),
(586, 61, 2, 0, 1, 'message', '2020-04-08 11:58:04'),
(587, 61, 2, 0, 1, 'message', '2020-04-08 11:58:09'),
(588, 61, 2, 0, 1, 'message', '2020-04-08 11:58:12'),
(589, 61, 2, 0, 1, 'message', '2020-04-08 11:58:19'),
(590, 2, 61, 0, 1, 'message', '2020-04-08 11:59:00'),
(591, 61, 2, 0, 1, 'message', '2020-04-08 11:59:14'),
(592, 61, 2, 0, 1, 'message', '2020-04-08 11:59:17'),
(593, 61, 2, 0, 1, 'message', '2020-04-08 11:59:21'),
(594, 61, 2, 0, 1, 'message', '2020-04-08 12:00:24'),
(595, 61, 2, 0, 1, 'message', '2020-04-08 12:00:27'),
(596, 61, 2, 0, 1, 'message', '2020-04-08 12:00:31'),
(597, 2, 61, 0, 1, 'message', '2020-04-08 12:00:55'),
(598, 2, 61, 0, 1, 'message', '2020-04-08 12:00:56'),
(599, 2, 61, 0, 1, 'message', '2020-04-08 12:00:57'),
(600, 2, 61, 0, 1, 'message', '2020-04-08 12:00:58'),
(601, 2, 61, 0, 1, 'message', '2020-04-08 12:00:59'),
(602, 2, 61, 0, 1, 'message', '2020-04-08 12:01:00'),
(603, 2, 61, 0, 1, 'message', '2020-04-08 12:01:01'),
(604, 2, 61, 0, 1, 'message', '2020-04-08 12:01:38'),
(605, 2, 61, 0, 1, 'message', '2020-04-08 12:02:57'),
(606, 2, 61, 0, 1, 'message', '2020-04-08 12:02:58'),
(607, 2, 61, 0, 1, 'message', '2020-04-08 12:02:59'),
(608, 2, 61, 0, 1, 'message', '2020-04-08 12:03:00'),
(609, 2, 61, 0, 1, 'message', '2020-04-08 12:03:01'),
(610, 2, 61, 0, 1, 'message', '2020-04-08 12:03:02'),
(611, 2, 61, 0, 1, 'message', '2020-04-08 12:03:04'),
(612, 2, 61, 0, 1, 'message', '2020-04-08 12:03:06'),
(613, 2, 61, 0, 1, 'message', '2020-04-08 12:03:52'),
(614, 2, 61, 0, 1, 'message', '2020-04-08 12:03:55'),
(615, 2, 61, 0, 1, 'message', '2020-04-08 12:03:57'),
(616, 2, 61, 0, 1, 'message', '2020-04-08 12:04:00'),
(617, 2, 61, 0, 1, 'message', '2020-04-08 12:04:11'),
(618, 61, 2, 0, 1, 'message', '2020-04-08 12:04:57'),
(619, 61, 2, 0, 1, 'message', '2020-04-08 12:05:00'),
(620, 61, 2, 0, 1, 'message', '2020-04-08 12:12:43'),
(621, 61, 2, 0, 1, 'message', '2020-04-08 12:12:48'),
(622, 61, 2, 0, 1, 'message', '2020-04-08 12:12:53'),
(623, 61, 2, 0, 1, 'message', '2020-04-08 12:13:13'),
(624, 2, 61, 0, 1, 'message', '2020-04-08 12:13:27'),
(625, 2, 61, 0, 1, 'message', '2020-04-08 12:13:28'),
(626, 2, 61, 0, 1, 'message', '2020-04-08 12:13:29'),
(627, 2, 61, 0, 1, 'message', '2020-04-08 12:13:30'),
(628, 2, 61, 0, 1, 'message', '2020-04-08 12:13:31'),
(629, 2, 61, 0, 1, 'message', '2020-04-08 12:13:32'),
(630, 2, 61, 0, 1, 'message', '2020-04-08 12:13:33'),
(631, 2, 61, 0, 1, 'message', '2020-04-08 12:13:34'),
(632, 2, 61, 0, 1, 'message', '2020-04-08 12:13:35'),
(633, 2, 61, 0, 1, 'message', '2020-04-08 12:13:36'),
(634, 2, 61, 0, 1, 'message', '2020-04-08 12:13:36'),
(635, 2, 61, 0, 1, 'message', '2020-04-08 12:13:37'),
(636, 2, 61, 0, 1, 'message', '2020-04-08 12:13:38'),
(637, 2, 61, 0, 1, 'message', '2020-04-08 12:13:39'),
(638, 2, 61, 0, 1, 'message', '2020-04-08 12:13:40'),
(639, 2, 61, 0, 1, 'message', '2020-04-08 12:13:41'),
(640, 2, 61, 0, 1, 'message', '2020-04-08 12:13:42'),
(641, 2, 61, 0, 1, 'message', '2020-04-08 12:13:43'),
(642, 2, 61, 0, 1, 'message', '2020-04-08 12:13:44'),
(643, 2, 61, 0, 1, 'message', '2020-04-08 12:13:45'),
(644, 2, 61, 0, 1, 'message', '2020-04-08 12:13:46'),
(645, 2, 61, 0, 1, 'message', '2020-04-08 12:13:49'),
(646, 2, 61, 0, 1, 'message', '2020-04-08 12:18:26'),
(647, 2, 61, 0, 1, 'message', '2020-04-08 12:18:28'),
(648, 2, 61, 0, 1, 'message', '2020-04-08 12:18:29'),
(649, 2, 61, 0, 1, 'message', '2020-04-08 12:18:36'),
(650, 2, 61, 0, 1, 'message', '2020-04-08 12:18:38'),
(651, 2, 61, 0, 1, 'message', '2020-04-08 12:18:39'),
(652, 2, 61, 0, 1, 'message', '2020-04-08 12:18:40'),
(653, 2, 61, 0, 1, 'message', '2020-04-08 12:18:41'),
(654, 2, 61, 0, 1, 'message', '2020-04-08 12:18:42'),
(655, 2, 61, 0, 1, 'message', '2020-04-08 12:18:43'),
(656, 2, 61, 0, 1, 'message', '2020-04-08 12:18:43'),
(657, 2, 61, 0, 1, 'message', '2020-04-08 12:18:44'),
(658, 2, 61, 0, 1, 'message', '2020-04-08 12:18:45'),
(659, 2, 61, 0, 1, 'message', '2020-04-08 12:18:46'),
(660, 2, 61, 0, 1, 'message', '2020-04-08 12:18:47'),
(661, 2, 61, 0, 1, 'message', '2020-04-08 12:18:48'),
(662, 2, 61, 0, 1, 'message', '2020-04-08 12:18:50'),
(663, 2, 61, 0, 1, 'message', '2020-04-08 12:18:51'),
(664, 2, 61, 0, 1, 'message', '2020-04-08 12:18:52'),
(665, 2, 61, 0, 1, 'message', '2020-04-08 12:18:53'),
(666, 2, 61, 0, 1, 'message', '2020-04-08 12:18:54'),
(667, 2, 61, 0, 1, 'message', '2020-04-08 12:18:55'),
(668, 2, 61, 0, 1, 'message', '2020-04-08 12:18:56'),
(669, 2, 61, 0, 1, 'message', '2020-04-08 12:18:57'),
(670, 2, 61, 0, 1, 'message', '2020-04-08 12:18:58'),
(671, 2, 61, 0, 1, 'message', '2020-04-08 12:18:59'),
(672, 2, 61, 0, 1, 'message', '2020-04-08 12:19:01'),
(673, 2, 61, 0, 1, 'message', '2020-04-08 12:19:02'),
(674, 2, 61, 0, 1, 'message', '2020-04-08 12:19:04'),
(675, 2, 61, 0, 1, 'message', '2020-04-08 12:19:05'),
(676, 2, 61, 0, 1, 'message', '2020-04-08 12:19:06'),
(677, 2, 61, 0, 1, 'message', '2020-04-08 12:19:08'),
(678, 2, 61, 0, 1, 'message', '2020-04-08 12:19:10'),
(679, 2, 61, 0, 1, 'message', '2020-04-08 12:19:11'),
(680, 2, 61, 0, 1, 'message', '2020-04-08 12:19:13'),
(681, 2, 61, 0, 1, 'message', '2020-04-08 12:19:14'),
(682, 2, 61, 0, 1, 'message', '2020-04-08 12:19:15'),
(683, 2, 61, 0, 1, 'message', '2020-04-08 12:19:16'),
(684, 61, 2, 0, 1, 'message', '2020-04-08 12:20:19'),
(685, 61, 2, 0, 1, 'message', '2020-04-08 12:20:22'),
(686, 61, 2, 0, 1, 'message', '2020-04-08 12:20:29'),
(687, 61, 2, 0, 1, 'message', '2020-04-08 12:20:32'),
(688, 61, 2, 0, 1, 'message', '2020-04-08 12:20:34'),
(689, 61, 2, 0, 1, 'message', '2020-04-08 12:20:38'),
(690, 61, 2, 0, 1, 'message', '2020-04-08 12:20:42'),
(691, 2, 61, 0, 1, 'message', '2020-04-08 12:21:33'),
(692, 2, 61, 0, 1, 'message', '2020-04-08 12:23:46'),
(693, 2, 61, 0, 1, 'message', '2020-04-08 12:23:48'),
(694, 2, 61, 0, 1, 'message', '2020-04-08 12:24:14'),
(695, 61, 2, 0, 1, 'message', '2020-04-08 12:25:31'),
(696, 61, 2, 0, 1, 'message', '2020-04-08 12:25:34'),
(697, 61, 2, 0, 1, 'message', '2020-04-08 12:25:37'),
(698, 61, 2, 0, 1, 'message', '2020-04-08 12:25:39'),
(699, 61, 2, 0, 1, 'message', '2020-04-08 12:25:42'),
(700, 61, 2, 0, 1, 'message', '2020-04-08 12:25:47'),
(701, 61, 2, 0, 1, 'message', '2020-04-08 12:25:49'),
(702, 61, 2, 0, 1, 'message', '2020-04-08 12:25:52'),
(703, 2, 61, 0, 1, 'message', '2020-04-08 12:26:12'),
(704, 2, 61, 0, 1, 'message', '2020-04-08 12:26:13'),
(705, 2, 61, 0, 1, 'message', '2020-04-08 12:26:14'),
(706, 2, 61, 0, 1, 'message', '2020-04-08 12:26:15'),
(707, 2, 61, 0, 1, 'message', '2020-04-08 12:26:15'),
(708, 2, 61, 0, 1, 'message', '2020-04-08 12:26:16'),
(709, 2, 61, 0, 1, 'message', '2020-04-08 12:26:17'),
(710, 2, 61, 0, 1, 'message', '2020-04-08 12:26:18'),
(711, 2, 61, 0, 1, 'message', '2020-04-08 12:27:19'),
(712, 2, 61, 0, 1, 'message', '2020-04-08 12:27:20'),
(713, 2, 61, 0, 1, 'message', '2020-04-08 12:27:20'),
(714, 2, 61, 0, 1, 'message', '2020-04-08 12:27:21'),
(715, 2, 61, 0, 1, 'message', '2020-04-08 12:27:22'),
(716, 2, 61, 0, 1, 'message', '2020-04-08 12:27:23'),
(717, 61, 2, 0, 1, 'message', '2020-04-08 12:28:16'),
(718, 61, 2, 0, 1, 'message', '2020-04-08 12:28:19'),
(719, 61, 2, 0, 1, 'message', '2020-04-08 12:28:22'),
(720, 61, 2, 0, 1, 'message', '2020-04-08 12:28:24'),
(721, 61, 2, 0, 1, 'message', '2020-04-08 12:28:27'),
(722, 61, 2, 0, 1, 'message', '2020-04-08 12:28:30'),
(723, 61, 2, 0, 1, 'message', '2020-04-08 12:28:33'),
(724, 61, 2, 0, 1, 'message', '2020-04-08 12:28:47'),
(725, 61, 2, 0, 1, 'message', '2020-04-08 12:28:50'),
(726, 61, 2, 0, 1, 'message', '2020-04-08 12:28:52'),
(727, 61, 2, 0, 1, 'message', '2020-04-08 12:28:54'),
(728, 61, 2, 0, 1, 'message', '2020-04-08 12:28:56'),
(729, 61, 2, 0, 1, 'message', '2020-04-08 12:28:58'),
(730, 61, 2, 0, 1, 'message', '2020-04-08 12:29:00'),
(731, 61, 2, 0, 1, 'message', '2020-04-08 12:29:03'),
(732, 61, 2, 0, 1, 'message', '2020-04-08 12:36:01'),
(733, 61, 2, 0, 1, 'message', '2020-04-08 12:36:04'),
(734, 61, 2, 0, 1, 'message', '2020-04-08 12:36:06'),
(735, 61, 2, 0, 1, 'message', '2020-04-08 12:36:08'),
(736, 61, 2, 0, 1, 'message', '2020-04-08 12:36:10'),
(737, 61, 2, 0, 1, 'message', '2020-04-08 12:36:11'),
(738, 61, 2, 0, 1, 'message', '2020-04-08 12:36:13'),
(739, 61, 2, 0, 1, 'message', '2020-04-08 12:36:14'),
(740, 61, 2, 0, 1, 'message', '2020-04-08 12:37:13'),
(741, 61, 2, 0, 1, 'message', '2020-04-08 12:37:15'),
(742, 61, 2, 0, 1, 'message', '2020-04-08 12:37:16'),
(743, 61, 2, 0, 1, 'message', '2020-04-08 12:37:18'),
(744, 61, 2, 0, 1, 'message', '2020-04-08 12:37:19'),
(745, 61, 2, 0, 1, 'message', '2020-04-08 12:37:21'),
(746, 61, 2, 0, 1, 'message', '2020-04-08 12:37:23'),
(747, 61, 2, 0, 1, 'message', '2020-04-08 12:37:25'),
(748, 61, 2, 0, 1, 'message', '2020-04-08 12:37:26'),
(749, 61, 2, 0, 1, 'message', '2020-04-08 12:40:31'),
(750, 61, 2, 0, 1, 'message', '2020-04-08 12:40:32'),
(751, 61, 2, 0, 1, 'message', '2020-04-08 12:40:34'),
(752, 61, 2, 0, 1, 'message', '2020-04-08 12:40:35'),
(753, 61, 2, 0, 1, 'message', '2020-04-08 12:40:38'),
(754, 61, 2, 0, 1, 'message', '2020-04-08 12:40:39'),
(755, 61, 2, 0, 1, 'message', '2020-04-08 12:40:41'),
(756, 61, 2, 0, 1, 'message', '2020-04-08 12:40:44'),
(757, 2, 61, 0, 1, 'message', '2020-04-08 12:41:02'),
(758, 2, 61, 0, 1, 'message', '2020-04-08 12:41:03'),
(759, 2, 61, 0, 1, 'message', '2020-04-08 12:41:04'),
(760, 2, 61, 0, 1, 'message', '2020-04-08 12:41:05'),
(761, 2, 61, 0, 1, 'message', '2020-04-08 12:41:06'),
(762, 2, 61, 0, 1, 'message', '2020-04-08 12:41:07'),
(763, 2, 61, 0, 1, 'message', '2020-04-08 12:41:07'),
(764, 2, 61, 0, 1, 'message', '2020-04-08 12:41:08'),
(765, 2, 61, 0, 1, 'message', '2020-04-08 12:41:09'),
(766, 2, 61, 0, 1, 'message', '2020-04-08 12:41:10'),
(767, 61, 2, 0, 1, 'message', '2020-04-08 12:43:01'),
(768, 61, 2, 0, 1, 'message', '2020-04-08 12:43:02'),
(769, 61, 2, 0, 1, 'message', '2020-04-08 12:43:04'),
(770, 61, 2, 0, 1, 'message', '2020-04-08 12:43:06'),
(771, 61, 2, 0, 1, 'message', '2020-04-08 12:43:08'),
(772, 61, 2, 0, 1, 'message', '2020-04-08 12:43:10'),
(773, 61, 2, 0, 1, 'message', '2020-04-08 12:43:12'),
(774, 61, 2, 0, 1, 'message', '2020-04-08 12:43:14'),
(775, 2, 61, 0, 1, 'message', '2020-04-08 12:43:27'),
(776, 2, 61, 0, 1, 'message', '2020-04-08 12:43:28'),
(777, 2, 61, 0, 1, 'message', '2020-04-08 12:43:31'),
(778, 2, 61, 0, 1, 'message', '2020-04-08 12:43:32'),
(779, 2, 61, 0, 1, 'message', '2020-04-08 12:43:33'),
(780, 2, 61, 0, 1, 'message', '2020-04-08 12:43:34'),
(781, 2, 61, 0, 1, 'message', '2020-04-08 12:43:35'),
(782, 2, 61, 0, 1, 'message', '2020-04-08 12:43:36'),
(783, 2, 61, 0, 1, 'message', '2020-04-08 12:43:37'),
(784, 2, 61, 0, 1, 'message', '2020-04-08 12:43:39'),
(785, 2, 61, 0, 1, 'message', '2020-04-08 12:43:56'),
(786, 2, 61, 0, 1, 'message', '2020-04-08 12:43:57'),
(787, 2, 61, 0, 1, 'message', '2020-04-08 12:43:58'),
(788, 2, 61, 0, 1, 'message', '2020-04-08 12:43:58'),
(789, 2, 61, 0, 1, 'message', '2020-04-08 12:43:59'),
(790, 2, 61, 0, 1, 'message', '2020-04-08 12:44:00'),
(791, 2, 61, 0, 1, 'message', '2020-04-08 12:44:00'),
(792, 2, 61, 0, 1, 'message', '2020-04-08 12:44:01'),
(793, 61, 2, 0, 1, 'message', '2020-04-08 12:44:23'),
(794, 61, 2, 0, 1, 'message', '2020-04-08 12:44:26'),
(795, 61, 2, 0, 1, 'message', '2020-04-08 12:44:27'),
(796, 61, 2, 0, 1, 'message', '2020-04-08 12:44:29'),
(797, 61, 2, 0, 1, 'message', '2020-04-08 12:44:31'),
(798, 61, 2, 0, 1, 'message', '2020-04-08 12:44:33'),
(799, 61, 2, 0, 1, 'message', '2020-04-08 12:44:35'),
(800, 61, 2, 0, 1, 'message', '2020-04-08 12:44:36'),
(801, 61, 2, 0, 1, 'message', '2020-04-08 12:49:03'),
(802, 61, 2, 0, 1, 'message', '2020-04-08 12:49:04'),
(803, 61, 2, 0, 1, 'message', '2020-04-08 12:49:06'),
(804, 2, 61, 0, 1, 'message', '2020-04-08 12:49:22'),
(805, 2, 61, 0, 1, 'message', '2020-04-08 12:49:23'),
(806, 2, 61, 0, 1, 'message', '2020-04-08 12:49:24'),
(807, 2, 61, 0, 1, 'message', '2020-04-08 12:50:24'),
(808, 2, 61, 0, 1, 'message', '2020-04-08 12:50:25'),
(809, 2, 61, 0, 1, 'message', '2020-04-08 12:50:26'),
(810, 2, 61, 0, 1, 'message', '2020-04-08 12:50:27'),
(811, 2, 61, 0, 1, 'message', '2020-04-08 12:51:07'),
(812, 2, 61, 0, 1, 'message', '2020-04-08 12:51:08'),
(813, 2, 61, 0, 1, 'message', '2020-04-08 12:51:09'),
(814, 61, 2, 0, 1, 'message', '2020-04-08 12:51:41'),
(815, 61, 2, 0, 1, 'message', '2020-04-08 12:51:43'),
(816, 61, 2, 0, 1, 'message', '2020-04-08 12:51:46'),
(817, 2, 61, 0, 1, 'unlike', '2020-04-08 12:52:25'),
(818, 17, 61, 1, 0, 'unlike', '2020-04-08 12:53:10'),
(819, 62, 61, 1, 0, 'like', '2020-04-08 13:32:34'),
(820, 17, 61, 1, 0, 'like', '2020-04-08 13:32:35'),
(821, 7, 61, 1, 0, 'like', '2020-04-08 13:32:36'),
(822, 11, 61, 1, 0, 'like', '2020-04-08 13:32:38'),
(823, 13, 61, 1, 0, 'like', '2020-04-08 13:32:39'),
(824, 19, 61, 1, 0, 'like', '2020-04-08 13:32:41'),
(825, 10, 61, 1, 0, 'like', '2020-04-08 13:32:41'),
(826, 62, 61, 1, 0, 'unlike', '2020-04-08 13:32:43'),
(827, 17, 61, 1, 0, 'unlike', '2020-04-08 13:32:43'),
(828, 7, 61, 1, 0, 'unlike', '2020-04-08 13:32:44'),
(829, 11, 61, 1, 0, 'unlike', '2020-04-08 13:32:44'),
(830, 13, 61, 1, 0, 'unlike', '2020-04-08 13:32:45'),
(831, 19, 61, 1, 0, 'unlike', '2020-04-08 13:32:46'),
(832, 10, 61, 1, 0, 'unlike', '2020-04-08 13:32:46'),
(833, 62, 61, 1, 0, 'like', '2020-04-08 14:47:02'),
(834, 7, 61, 1, 0, 'like', '2020-04-08 14:47:03'),
(835, 11, 61, 1, 0, 'like', '2020-04-08 14:47:04'),
(836, 13, 61, 1, 0, 'like', '2020-04-08 14:47:05'),
(837, 19, 61, 1, 0, 'like', '2020-04-08 14:47:06'),
(838, 61, 63, 0, 1, 'like', '2020-04-08 14:47:38'),
(839, 63, 61, 1, 1, 'likeback', '2020-04-08 14:47:39'),
(840, 63, 61, 1, 1, 'message', '2020-04-08 14:47:45'),
(841, 63, 61, 1, 1, 'message', '2020-04-08 14:47:47'),
(842, 63, 61, 1, 1, 'message', '2020-04-08 14:47:47'),
(843, 63, 61, 1, 1, 'message', '2020-04-08 14:47:49'),
(844, 20, 2, 1, 0, 'like', '2020-04-08 14:51:17'),
(845, 18, 2, 1, 0, 'like', '2020-04-08 14:51:18'),
(846, 14, 2, 1, 0, 'like', '2020-04-08 14:51:19'),
(847, 61, 2, 0, 1, 'unlike', '2020-04-08 14:51:42'),
(848, 20, 2, 1, 0, 'unlike', '2020-04-08 14:51:43'),
(849, 18, 2, 1, 0, 'unlike', '2020-04-08 14:51:43'),
(850, 14, 2, 1, 0, 'unlike', '2020-04-08 14:51:44'),
(851, 20, 2, 1, 0, 'like', '2020-04-08 14:51:46'),
(852, 18, 2, 1, 0, 'like', '2020-04-08 14:51:47'),
(853, 14, 2, 1, 0, 'like', '2020-04-08 14:51:48'),
(854, 20, 2, 1, 0, 'unlike', '2020-04-08 14:51:53'),
(855, 18, 2, 1, 0, 'unlike', '2020-04-08 14:51:54'),
(856, 14, 2, 1, 0, 'unlike', '2020-04-08 14:51:54'),
(857, 4, 61, 1, 0, 'like', '2020-04-08 14:52:50'),
(858, 17, 61, 1, 0, 'like', '2020-04-08 14:52:51'),
(859, 6, 61, 0, 1, 'like', '2020-04-08 14:52:51'),
(860, 62, 61, 1, 0, 'unlike', '2020-04-08 14:53:02'),
(861, 7, 61, 1, 0, 'unlike', '2020-04-08 14:53:03'),
(862, 11, 61, 1, 0, 'unlike', '2020-04-08 14:53:04'),
(863, 13, 61, 1, 0, 'unlike', '2020-04-08 14:53:04'),
(864, 19, 61, 1, 0, 'unlike', '2020-04-08 14:53:05'),
(865, 63, 61, 1, 1, 'unlike', '2020-04-08 14:53:05'),
(866, 4, 61, 1, 0, 'unlike', '2020-04-08 14:53:06'),
(867, 17, 61, 1, 0, 'unlike', '2020-04-08 14:53:06'),
(868, 6, 61, 0, 1, 'unlike', '2020-04-08 14:53:07'),
(869, 62, 61, 1, 0, 'like', '2020-04-08 14:53:12'),
(870, 63, 61, 1, 1, 'likeback', '2020-04-08 14:53:14'),
(871, 4, 61, 1, 0, 'like', '2020-04-08 14:53:16'),
(872, 17, 61, 1, 0, 'like', '2020-04-08 14:53:17'),
(873, 6, 61, 0, 1, 'like', '2020-04-08 14:53:18'),
(874, 7, 61, 1, 0, 'like', '2020-04-08 14:53:19'),
(875, 11, 61, 1, 0, 'like', '2020-04-08 14:53:21'),
(876, 20, 2, 1, 0, 'like', '2020-04-08 14:53:40'),
(877, 18, 2, 1, 0, 'like', '2020-04-08 14:53:41'),
(878, 14, 2, 1, 0, 'like', '2020-04-08 14:53:42'),
(879, 1, 61, 1, 0, 'like', '2020-04-08 14:54:26'),
(880, 3, 61, 1, 0, 'like', '2020-04-08 14:54:27'),
(881, 2, 61, 1, 0, 'like', '2020-04-08 14:54:42'),
(882, 12, 61, 1, 0, 'like', '2020-04-08 14:54:43'),
(883, 9, 61, 1, 0, 'like', '2020-04-08 14:54:44'),
(884, 16, 61, 1, 0, 'like', '2020-04-08 14:54:45'),
(885, 62, 61, 1, 0, 'unlike', '2020-04-08 14:54:46'),
(886, 63, 61, 1, 1, 'unlike', '2020-04-08 14:54:47'),
(887, 4, 61, 1, 0, 'unlike', '2020-04-08 14:54:48'),
(888, 17, 61, 1, 0, 'unlike', '2020-04-08 14:54:48'),
(889, 6, 61, 0, 1, 'unlike', '2020-04-08 14:54:49'),
(890, 7, 61, 1, 0, 'unlike', '2020-04-08 14:54:49'),
(891, 11, 61, 1, 0, 'unlike', '2020-04-08 14:54:50'),
(892, 1, 61, 1, 0, 'unlike', '2020-04-08 14:54:50'),
(893, 3, 61, 1, 0, 'unlike', '2020-04-08 14:54:51'),
(894, 2, 61, 1, 0, 'unlike', '2020-04-08 14:54:51'),
(895, 12, 61, 1, 0, 'unlike', '2020-04-08 14:54:52'),
(896, 9, 61, 1, 0, 'unlike', '2020-04-08 14:54:52'),
(897, 16, 61, 1, 0, 'unlike', '2020-04-08 14:54:53'),
(898, 62, 61, 1, 0, 'like', '2020-04-08 14:55:09'),
(899, 63, 61, 1, 1, 'likeback', '2020-04-08 14:55:09'),
(900, 4, 61, 1, 0, 'like', '2020-04-08 14:55:10'),
(901, 17, 61, 1, 0, 'like', '2020-04-08 14:55:11'),
(902, 6, 61, 0, 1, 'like', '2020-04-08 14:55:11'),
(903, 7, 61, 1, 0, 'like', '2020-04-08 14:55:12'),
(904, 11, 61, 1, 0, 'like', '2020-04-08 14:55:14'),
(905, 4, 6, 1, 0, 'like', '2020-04-08 14:55:49'),
(906, 4, 6, 1, 0, 'unlike', '2020-04-08 14:56:24'),
(907, 62, 61, 1, 0, 'unlike', '2020-04-08 14:56:49'),
(908, 63, 61, 1, 1, 'unlike', '2020-04-08 14:56:49'),
(909, 4, 61, 1, 0, 'unlike', '2020-04-08 14:56:50'),
(910, 17, 61, 1, 0, 'unlike', '2020-04-08 14:56:50'),
(911, 6, 61, 0, 1, 'unlike', '2020-04-08 14:56:51'),
(912, 7, 61, 1, 0, 'unlike', '2020-04-08 14:56:51'),
(913, 11, 61, 1, 0, 'unlike', '2020-04-08 14:56:52'),
(914, 62, 61, 1, 0, 'like', '2020-04-08 16:19:22'),
(915, 63, 61, 1, 0, 'likeback', '2020-04-08 16:19:23'),
(916, 4, 61, 1, 0, 'like', '2020-04-08 16:19:24'),
(917, 17, 61, 1, 0, 'like', '2020-04-08 16:19:25'),
(918, 6, 61, 0, 1, 'like', '2020-04-08 16:19:27'),
(919, 4, 6, 1, 0, 'like', '2020-04-08 16:19:43'),
(920, 61, 6, 0, 1, 'likeback', '2020-04-08 16:22:18'),
(921, 61, 6, 0, 1, 'message', '2020-04-08 16:22:29'),
(922, 61, 6, 0, 1, 'message', '2020-04-08 16:28:13'),
(923, 6, 61, 0, 1, 'message', '2020-04-08 16:43:05'),
(924, 6, 61, 0, 1, 'message', '2020-04-08 16:44:30'),
(925, 6, 61, 0, 1, 'message', '2020-04-08 16:47:28'),
(926, 6, 61, 0, 1, 'message', '2020-04-08 16:48:06'),
(927, 6, 61, 0, 1, 'message', '2020-04-08 16:48:36'),
(928, 6, 61, 0, 1, 'message', '2020-04-08 16:54:00'),
(929, 61, 6, 0, 1, 'message', '2020-04-08 16:54:29'),
(930, 61, 6, 0, 1, 'message', '2020-04-08 16:54:30'),
(931, 61, 6, 0, 1, 'message', '2020-04-08 16:54:31'),
(932, 6, 61, 0, 1, 'message', '2020-04-08 16:55:56'),
(933, 6, 61, 0, 1, 'message', '2020-04-08 16:58:33'),
(934, 6, 61, 0, 1, 'message', '2020-04-08 16:59:19'),
(935, 61, 6, 0, 1, 'message', '2020-04-08 17:03:12'),
(936, 6, 61, 0, 1, 'message', '2020-04-08 17:04:16'),
(937, 61, 6, 0, 1, 'unlike', '2020-04-08 17:07:23'),
(938, 4, 6, 1, 0, 'unlike', '2020-04-08 17:07:26'),
(939, 62, 61, 1, 0, 'unlike', '2020-04-08 17:07:59'),
(940, 63, 61, 1, 0, 'unlike', '2020-04-08 17:08:00'),
(941, 4, 61, 1, 0, 'unlike', '2020-04-08 17:08:00'),
(942, 17, 61, 1, 0, 'unlike', '2020-04-08 17:08:06'),
(943, 6, 61, 0, 1, 'unlike', '2020-04-08 17:08:06'),
(944, 62, 61, 1, 0, 'like', '2020-04-08 17:08:54'),
(945, 63, 61, 1, 0, 'likeback', '2020-04-08 17:08:54'),
(946, 4, 61, 1, 0, 'like', '2020-04-08 17:08:55'),
(947, 17, 61, 1, 0, 'like', '2020-04-08 17:08:56'),
(948, 6, 61, 1, 1, 'like', '2020-04-08 17:08:59'),
(949, 62, 61, 1, 0, 'unlike', '2020-04-08 17:09:06'),
(950, 63, 61, 1, 0, 'unlike', '2020-04-08 17:09:06'),
(951, 4, 61, 1, 0, 'unlike', '2020-04-08 17:09:07'),
(952, 17, 61, 1, 0, 'unlike', '2020-04-08 17:09:07'),
(953, 6, 61, 1, 1, 'unlike', '2020-04-08 17:09:08'),
(954, 63, 61, 1, 0, 'likeback', '2020-04-08 19:44:18'),
(955, 63, 61, 1, 0, 'unlike', '2020-04-08 19:44:39'),
(956, 62, 61, 1, 0, 'like', '2020-04-08 20:05:01'),
(957, 62, 61, 1, 0, 'unlike', '2020-04-08 20:05:03'),
(958, 62, 61, 1, 0, 'like', '2020-04-08 20:06:25'),
(959, 63, 61, 1, 0, 'likeback', '2020-04-08 20:06:32'),
(960, 63, 61, 1, 0, 'likeback', '2020-04-08 20:06:34'),
(961, 62, 61, 1, 0, 'unlike', '2020-04-08 20:06:43'),
(962, 63, 61, 1, 0, 'unlike', '2020-04-08 20:06:44'),
(963, 62, 61, 1, 0, 'like', '2020-04-08 20:10:54'),
(964, 62, 61, 1, 0, 'unlike', '2020-04-08 20:11:05'),
(965, 62, 61, 1, 0, 'like', '2020-04-08 20:12:26'),
(966, 63, 61, 1, 0, 'likeback', '2020-04-08 20:12:33'),
(967, 62, 61, 1, 0, 'unlike', '2020-04-08 20:12:41'),
(968, 63, 61, 1, 0, 'unlike', '2020-04-08 20:12:41'),
(969, 62, 61, 1, 0, 'like', '2020-04-08 20:12:44'),
(970, 62, 61, 1, 0, 'like', '2020-04-08 20:12:49'),
(971, 63, 61, 1, 0, 'likeback', '2020-04-08 20:12:49'),
(972, 62, 61, 1, 0, 'unlike', '2020-04-08 20:13:58'),
(973, 63, 61, 1, 0, 'unlike', '2020-04-08 20:13:59'),
(974, 63, 61, 1, 0, 'likeback', '2020-04-08 20:14:51'),
(975, 63, 61, 1, 0, 'likeback', '2020-04-08 20:14:57'),
(976, 4, 61, 1, 0, 'like', '2020-04-08 20:15:00'),
(977, 17, 61, 1, 0, 'like', '2020-04-08 20:15:01'),
(978, 6, 61, 1, 0, 'like', '2020-04-08 20:15:01'),
(979, 7, 61, 1, 0, 'like', '2020-04-08 20:15:10'),
(980, 11, 61, 1, 0, 'like', '2020-04-08 20:15:10'),
(981, 63, 61, 1, 0, 'unlike', '2020-04-08 20:16:20'),
(982, 4, 61, 1, 0, 'unlike', '2020-04-08 20:16:21'),
(983, 17, 61, 1, 0, 'unlike', '2020-04-08 20:16:22'),
(984, 6, 61, 1, 0, 'unlike', '2020-04-08 20:16:23'),
(985, 7, 61, 1, 0, 'unlike', '2020-04-08 20:16:23'),
(986, 11, 61, 1, 0, 'unlike', '2020-04-08 20:16:24'),
(987, 63, 61, 1, 0, 'likeback', '2020-04-08 20:18:44'),
(988, 63, 61, 1, 0, 'unlike', '2020-04-08 20:19:40'),
(989, 63, 61, 1, 0, 'likeback', '2020-04-08 20:19:47'),
(990, 63, 61, 1, 0, 'likeback', '2020-04-08 20:19:48'),
(991, 63, 61, 1, 0, 'unlike', '2020-04-08 20:19:52'),
(992, 1, 61, 1, 0, 'like', '2020-04-08 20:26:14'),
(993, 1, 61, 1, 0, 'like', '2020-04-08 20:26:14'),
(994, 1, 61, 1, 0, 'like', '2020-04-08 20:26:16'),
(995, 1, 61, 1, 0, 'like', '2020-04-08 20:26:16'),
(996, 1, 61, 1, 0, 'like', '2020-04-08 20:26:17'),
(997, 1, 61, 1, 0, 'unlike', '2020-04-08 20:26:20'),
(998, 3, 61, 1, 0, 'like', '2020-04-08 20:30:20'),
(999, 3, 61, 1, 0, 'like', '2020-04-08 20:30:21'),
(1000, 3, 61, 1, 0, 'like', '2020-04-08 20:30:25'),
(1001, 3, 61, 1, 0, 'like', '2020-04-08 20:30:25'),
(1002, 3, 61, 1, 0, 'unlike', '2020-04-08 20:30:36'),
(1003, 62, 61, 1, 0, 'like', '2020-04-09 10:57:58'),
(1004, 62, 61, 1, 0, 'like', '2020-04-09 10:57:59'),
(1005, 62, 61, 1, 0, 'unlike', '2020-04-09 10:58:02'),
(1006, 62, 61, 1, 0, 'like', '2020-04-09 10:58:05'),
(1007, 62, 61, 1, 0, 'unlike', '2020-04-09 10:58:08'),
(1008, 62, 61, 1, 0, 'like', '2020-04-09 10:59:41'),
(1009, 62, 61, 1, 0, 'like', '2020-04-09 10:59:42'),
(1010, 63, 61, 1, 0, 'like', '2020-04-09 10:59:46'),
(1011, 4, 61, 1, 0, 'like', '2020-04-09 10:59:48'),
(1012, 17, 61, 1, 0, 'like', '2020-04-09 10:59:50'),
(1013, 6, 61, 1, 0, 'like', '2020-04-09 10:59:51'),
(1014, 7, 61, 1, 0, 'like', '2020-04-09 10:59:54'),
(1015, 62, 61, 1, 0, 'unlike', '2020-04-09 10:59:59'),
(1016, 63, 61, 1, 0, 'unlike', '2020-04-09 10:59:59'),
(1017, 4, 61, 1, 0, 'unlike', '2020-04-09 11:00:00'),
(1018, 17, 61, 1, 0, 'unlike', '2020-04-09 11:00:01'),
(1019, 6, 61, 1, 0, 'unlike', '2020-04-09 11:00:17'),
(1020, 7, 61, 1, 0, 'unlike', '2020-04-09 11:00:19'),
(1021, 62, 61, 1, 0, 'like', '2020-04-09 11:02:30'),
(1022, 63, 61, 1, 0, 'like', '2020-04-09 11:02:33'),
(1023, 4, 61, 1, 0, 'like', '2020-04-09 11:02:43'),
(1024, 17, 61, 1, 0, 'like', '2020-04-09 11:02:43'),
(1025, 6, 61, 1, 0, 'like', '2020-04-09 11:02:43'),
(1026, 7, 61, 1, 0, 'like', '2020-04-09 11:02:43'),
(1027, 11, 61, 1, 0, 'like', '2020-04-09 11:02:45'),
(1028, 62, 61, 1, 0, 'unlike', '2020-04-09 11:02:48'),
(1029, 63, 61, 1, 0, 'unlike', '2020-04-09 11:02:49'),
(1030, 4, 61, 1, 0, 'unlike', '2020-04-09 11:02:49'),
(1031, 17, 61, 1, 0, 'unlike', '2020-04-09 11:02:50'),
(1032, 17, 61, 1, 0, 'unlike', '2020-04-09 11:02:52'),
(1033, 6, 61, 1, 0, 'unlike', '2020-04-09 11:02:52'),
(1034, 7, 61, 1, 0, 'unlike', '2020-04-09 11:02:53'),
(1035, 11, 61, 1, 0, 'unlike', '2020-04-09 11:02:54'),
(1036, 62, 61, 1, 0, 'like', '2020-04-09 11:03:11'),
(1037, 62, 61, 1, 0, 'unlike', '2020-04-09 11:04:11'),
(1038, 62, 61, 1, 0, 'like', '2020-04-09 11:04:23'),
(1039, 63, 61, 1, 0, 'like', '2020-04-09 11:04:24'),
(1040, 63, 61, 1, 0, 'like', '2020-04-09 11:04:39'),
(1041, 63, 61, 1, 0, 'report', '2020-04-09 11:04:40'),
(1042, 63, 61, 1, 0, 'report', '2020-04-09 11:04:41'),
(1043, 62, 61, 1, 0, 'unlike', '2020-04-09 11:04:47'),
(1044, 63, 61, 1, 0, 'unlike', '2020-04-09 11:04:49'),
(1045, 62, 61, 1, 0, 'like', '2020-04-09 11:13:15'),
(1046, 63, 61, 1, 0, 'like', '2020-04-09 11:13:16'),
(1047, 4, 61, 1, 0, 'like', '2020-04-09 11:13:19'),
(1048, 17, 61, 1, 0, 'like', '2020-04-09 11:13:20'),
(1049, 6, 61, 1, 0, 'like', '2020-04-09 11:13:21'),
(1050, 62, 61, 1, 0, 'unlike', '2020-04-09 11:13:26'),
(1051, 63, 61, 1, 0, 'unlike', '2020-04-09 11:13:26'),
(1052, 4, 61, 1, 0, 'unlike', '2020-04-09 11:13:27'),
(1053, 17, 61, 1, 0, 'unlike', '2020-04-09 11:13:28'),
(1054, 6, 61, 1, 0, 'unlike', '2020-04-09 11:13:29'),
(1055, 62, 61, 1, 0, 'like', '2020-04-09 11:15:04'),
(1056, 63, 61, 1, 0, 'like', '2020-04-09 11:15:05'),
(1057, 62, 61, 1, 0, 'unlike', '2020-04-09 11:15:15'),
(1058, 63, 61, 1, 0, 'unlike', '2020-04-09 11:15:16'),
(1059, 62, 61, 1, 0, 'like', '2020-04-09 11:17:23'),
(1060, 62, 61, 1, 0, 'like', '2020-04-09 11:17:25'),
(1061, 63, 61, 1, 0, 'like', '2020-04-09 11:17:25'),
(1062, 63, 61, 1, 0, 'like', '2020-04-09 11:17:26'),
(1063, 62, 61, 1, 0, 'unlike', '2020-04-09 11:17:28'),
(1064, 63, 61, 1, 0, 'unlike', '2020-04-09 11:17:29'),
(1065, 62, 61, 1, 0, 'like', '2020-04-09 11:18:51'),
(1066, 62, 61, 1, 0, 'unlike', '2020-04-09 11:18:55'),
(1067, 62, 61, 1, 0, 'like', '2020-04-09 11:18:58'),
(1068, 62, 61, 1, 0, 'like', '2020-04-09 11:18:59'),
(1069, 63, 61, 1, 0, 'like', '2020-04-09 11:19:00'),
(1070, 4, 61, 1, 0, 'like', '2020-04-09 11:19:02'),
(1071, 17, 61, 1, 0, 'like', '2020-04-09 11:19:02'),
(1072, 6, 61, 1, 0, 'like', '2020-04-09 11:19:03'),
(1073, 7, 61, 1, 0, 'like', '2020-04-09 11:19:04'),
(1074, 11, 61, 1, 0, 'like', '2020-04-09 11:19:06'),
(1075, 62, 61, 1, 0, 'unlike', '2020-04-09 11:19:08'),
(1076, 63, 61, 1, 0, 'unlike', '2020-04-09 11:19:09'),
(1077, 4, 61, 1, 0, 'unlike', '2020-04-09 11:19:10'),
(1078, 17, 61, 1, 0, 'unlike', '2020-04-09 11:19:11'),
(1079, 6, 61, 1, 0, 'unlike', '2020-04-09 11:19:12'),
(1080, 7, 61, 1, 0, 'unlike', '2020-04-09 11:19:13'),
(1081, 11, 61, 1, 0, 'unlike', '2020-04-09 11:19:14'),
(1082, 62, 61, 1, 0, 'like', '2020-04-09 11:21:21'),
(1083, 63, 61, 1, 0, 'like', '2020-04-09 11:21:23'),
(1084, 4, 61, 1, 0, 'like', '2020-04-09 11:21:25'),
(1085, 17, 61, 1, 0, 'like', '2020-04-09 11:21:26'),
(1086, 6, 61, 1, 0, 'like', '2020-04-09 11:21:27'),
(1087, 7, 61, 1, 0, 'like', '2020-04-09 11:21:28'),
(1088, 11, 61, 1, 0, 'like', '2020-04-09 11:21:29'),
(1089, 62, 61, 1, 0, 'unlike', '2020-04-09 11:21:31'),
(1090, 63, 61, 1, 0, 'unlike', '2020-04-09 11:21:35'),
(1091, 63, 61, 1, 0, 'unlike', '2020-04-09 11:21:35'),
(1092, 63, 61, 1, 0, 'unlike', '2020-04-09 11:21:35'),
(1093, 4, 61, 1, 0, 'unlike', '2020-04-09 11:21:36'),
(1094, 17, 61, 1, 0, 'unlike', '2020-04-09 11:21:37'),
(1095, 6, 61, 1, 0, 'unlike', '2020-04-09 11:21:37'),
(1096, 7, 61, 1, 0, 'unlike', '2020-04-09 11:21:38'),
(1097, 11, 61, 1, 0, 'unlike', '2020-04-09 11:21:39'),
(1098, 62, 61, 1, 0, 'like', '2020-04-09 11:21:46'),
(1099, 62, 61, 1, 0, 'unlike', '2020-04-09 11:21:53'),
(1100, 62, 61, 1, 0, 'like', '2020-04-09 11:33:37'),
(1101, 63, 61, 1, 0, 'like', '2020-04-09 11:33:38'),
(1102, 63, 61, 1, 0, 'like', '2020-04-09 11:33:39'),
(1103, 63, 61, 1, 0, 'like', '2020-04-09 11:33:40'),
(1104, 63, 61, 1, 0, 'like', '2020-04-09 11:33:40'),
(1105, 63, 61, 1, 0, 'like', '2020-04-09 11:33:40'),
(1106, 63, 61, 1, 0, 'like', '2020-04-09 11:33:41'),
(1107, 62, 61, 1, 0, 'unlike', '2020-04-09 11:35:00'),
(1108, 63, 61, 1, 0, 'unlike', '2020-04-09 11:35:01'),
(1109, 62, 61, 1, 0, 'like', '2020-04-09 11:36:51'),
(1110, 63, 61, 1, 0, 'like', '2020-04-09 11:36:52'),
(1111, 62, 61, 1, 0, 'unlike', '2020-04-09 11:37:03'),
(1112, 63, 61, 1, 0, 'unlike', '2020-04-09 11:37:04'),
(1113, 62, 61, 1, 0, 'like', '2020-04-09 11:37:58'),
(1114, 62, 61, 1, 0, 'unlike', '2020-04-09 11:38:02'),
(1115, 62, 61, 1, 0, 'like', '2020-04-09 11:38:09'),
(1116, 17, 61, 1, 0, 'like', '2020-04-09 11:38:13'),
(1117, 6, 61, 1, 0, 'like', '2020-04-09 11:38:21'),
(1118, 11, 61, 1, 0, 'like', '2020-04-09 11:38:24'),
(1119, 62, 61, 1, 0, 'unlike', '2020-04-09 11:38:27'),
(1120, 17, 61, 1, 0, 'unlike', '2020-04-09 11:38:29'),
(1121, 6, 61, 1, 0, 'unlike', '2020-04-09 11:38:30'),
(1122, 11, 61, 1, 0, 'unlike', '2020-04-09 11:38:31'),
(1123, 62, 61, 1, 0, 'like', '2020-04-09 11:47:04'),
(1124, 63, 61, 1, 0, 'like', '2020-04-09 11:47:10'),
(1125, 62, 61, 1, 0, 'unlike', '2020-04-09 11:47:12'),
(1126, 63, 61, 1, 0, 'unlike', '2020-04-09 11:47:13'),
(1127, 62, 61, 1, 0, 'like', '2020-04-09 11:48:50'),
(1128, 62, 61, 1, 0, 'unlike', '2020-04-09 11:48:53'),
(1129, 62, 61, 1, 0, 'like', '2020-04-09 12:08:01'),
(1130, 62, 61, 1, 0, 'unlike', '2020-04-09 12:08:05'),
(1131, 62, 61, 1, 0, 'like', '2020-04-09 12:08:13'),
(1132, 63, 61, 1, 0, 'like', '2020-04-09 12:08:14'),
(1133, 17, 61, 1, 0, 'like', '2020-04-09 12:08:16'),
(1134, 7, 61, 1, 0, 'like', '2020-04-09 12:08:17'),
(1135, 62, 61, 1, 0, 'unlike', '2020-04-09 12:08:21'),
(1136, 63, 61, 1, 0, 'unlike', '2020-04-09 12:08:22'),
(1137, 17, 61, 1, 0, 'unlike', '2020-04-09 12:08:24'),
(1138, 7, 61, 1, 0, 'unlike', '2020-04-09 12:08:25'),
(1139, 1, 61, 1, 0, 'like', '2020-04-09 12:11:53'),
(1140, 3, 61, 1, 0, 'like', '2020-04-09 12:11:56'),
(1141, 12, 61, 1, 0, 'like', '2020-04-09 12:11:57'),
(1142, 16, 61, 1, 0, 'like', '2020-04-09 12:11:59'),
(1143, 1, 61, 1, 0, 'unlike', '2020-04-09 12:12:06'),
(1144, 3, 61, 1, 0, 'unlike', '2020-04-09 12:12:25');
INSERT INTO `notifications` (`id`, `id_belong`, `id_sender`, `unread`, `delivered`, `type`, `date_notif`) VALUES
(1145, 3, 61, 1, 0, 'unlike', '2020-04-09 12:12:26'),
(1146, 12, 61, 1, 0, 'unlike', '2020-04-09 12:12:29'),
(1147, 16, 61, 1, 0, 'unlike', '2020-04-09 12:12:31'),
(1148, 3, 61, 1, 0, 'like', '2020-04-09 12:26:10'),
(1149, 3, 61, 1, 0, 'unlike', '2020-04-09 12:28:09'),
(1150, 4, 61, 1, 0, 'like', '2020-04-09 12:38:41'),
(1151, 4, 61, 1, 0, 'unlike', '2020-04-09 12:38:44'),
(1152, 62, 61, 1, 0, 'like', '2020-04-09 12:46:26'),
(1153, 11, 61, 1, 0, 'like', '2020-04-09 12:46:29'),
(1154, 9, 61, 1, 0, 'like', '2020-04-09 12:46:30'),
(1155, 1, 61, 1, 0, 'like', '2020-04-09 12:46:32'),
(1156, 17, 61, 1, 0, 'like', '2020-04-09 12:46:33'),
(1157, 62, 61, 1, 0, 'unlike', '2020-04-09 12:46:55'),
(1158, 11, 61, 1, 0, 'unlike', '2020-04-09 12:46:57'),
(1159, 9, 61, 1, 0, 'unlike', '2020-04-09 12:46:58'),
(1160, 1, 61, 1, 0, 'unlike', '2020-04-09 12:47:00'),
(1161, 17, 61, 1, 0, 'unlike', '2020-04-09 12:47:01'),
(1162, 3, 61, 1, 0, 'like', '2020-04-09 12:48:43'),
(1163, 63, 61, 1, 0, 'like', '2020-04-09 12:48:44'),
(1164, 7, 61, 1, 0, 'like', '2020-04-09 12:48:45'),
(1165, 2, 61, 1, 0, 'like', '2020-04-09 12:48:46'),
(1166, 6, 61, 1, 0, 'like', '2020-04-09 12:48:46'),
(1167, 3, 61, 1, 0, 'unlike', '2020-04-09 12:48:49'),
(1168, 63, 61, 1, 0, 'unlike', '2020-04-09 12:48:50'),
(1169, 7, 61, 1, 0, 'unlike', '2020-04-09 12:48:51'),
(1170, 2, 61, 1, 0, 'unlike', '2020-04-09 12:48:51'),
(1171, 6, 61, 1, 0, 'unlike', '2020-04-09 12:48:52'),
(1172, 62, 61, 1, 0, 'like', '2020-04-09 15:12:28'),
(1173, 1, 61, 1, 0, 'like', '2020-04-09 15:12:30'),
(1174, 4, 61, 1, 0, 'like', '2020-04-09 15:12:34'),
(1175, 62, 61, 1, 0, 'unlike', '2020-04-09 15:12:37'),
(1176, 1, 61, 1, 0, 'unlike', '2020-04-09 15:12:38'),
(1177, 4, 61, 1, 0, 'unlike', '2020-04-09 15:12:38'),
(1178, 62, 61, 1, 0, 'like', '2020-04-09 15:31:23'),
(1179, 1, 61, 1, 0, 'like', '2020-04-09 15:31:26'),
(1180, 63, 61, 1, 0, 'like', '2020-04-09 15:31:28'),
(1181, 4, 61, 1, 0, 'like', '2020-04-09 15:31:29'),
(1182, 62, 61, 1, 0, 'unlike', '2020-04-09 15:31:43'),
(1183, 1, 61, 1, 0, 'unlike', '2020-04-09 15:31:43'),
(1184, 63, 61, 1, 0, 'unlike', '2020-04-09 15:31:44'),
(1185, 4, 61, 1, 0, 'unlike', '2020-04-09 15:31:45'),
(1186, 62, 61, 1, 0, 'like', '2020-04-09 15:33:18'),
(1187, 62, 61, 1, 0, 'unlike', '2020-04-09 15:33:23'),
(1188, 62, 61, 1, 0, 'like', '2020-04-09 15:41:39'),
(1189, 62, 61, 1, 0, 'unlike', '2020-04-09 15:49:16'),
(1190, 62, 61, 1, 0, 'like', '2020-04-09 15:50:22'),
(1191, 1, 61, 1, 0, 'like', '2020-04-09 15:50:24'),
(1192, 63, 61, 1, 0, 'like', '2020-04-09 15:50:25'),
(1193, 4, 61, 1, 0, 'like', '2020-04-09 15:50:27'),
(1194, 3, 61, 1, 0, 'like', '2020-04-09 15:50:28'),
(1195, 6, 61, 1, 0, 'like', '2020-04-09 15:50:29'),
(1196, 62, 61, 1, 0, 'unlike', '2020-04-09 15:51:23'),
(1197, 1, 61, 1, 0, 'unlike', '2020-04-09 15:51:25'),
(1198, 63, 61, 1, 0, 'unlike', '2020-04-09 15:51:27'),
(1199, 4, 61, 1, 0, 'unlike', '2020-04-09 15:51:27'),
(1200, 3, 61, 1, 0, 'unlike', '2020-04-09 15:51:28'),
(1201, 6, 61, 1, 0, 'unlike', '2020-04-09 15:51:29'),
(1202, 62, 61, 1, 0, 'like', '2020-04-09 15:51:37'),
(1203, 1, 61, 1, 0, 'like', '2020-04-09 15:51:40'),
(1204, 63, 61, 1, 0, 'like', '2020-04-09 15:51:42'),
(1205, 4, 61, 1, 0, 'like', '2020-04-09 15:51:46'),
(1206, 3, 61, 1, 0, 'like', '2020-04-09 15:51:47'),
(1207, 17, 61, 1, 0, 'like', '2020-04-09 15:51:48'),
(1208, 62, 61, 1, 0, 'unlike', '2020-04-09 15:51:54'),
(1209, 1, 61, 1, 0, 'unlike', '2020-04-09 15:51:54'),
(1210, 63, 61, 1, 0, 'unlike', '2020-04-09 15:51:55'),
(1211, 4, 61, 1, 0, 'unlike', '2020-04-09 15:51:56'),
(1212, 3, 61, 1, 0, 'unlike', '2020-04-09 15:51:57'),
(1213, 17, 61, 1, 0, 'unlike', '2020-04-09 15:51:58'),
(1214, 62, 61, 1, 0, 'like', '2020-04-09 15:52:07'),
(1215, 63, 61, 1, 0, 'like', '2020-04-09 15:52:08'),
(1216, 9, 61, 1, 0, 'like', '2020-04-09 15:52:11'),
(1217, 16, 61, 1, 0, 'like', '2020-04-09 15:52:12'),
(1218, 7, 61, 1, 0, 'like', '2020-04-09 15:52:13'),
(1219, 6, 61, 1, 0, 'like', '2020-04-09 15:52:14'),
(1220, 3, 61, 1, 0, 'like', '2020-04-09 15:52:15'),
(1221, 12, 61, 1, 0, 'like', '2020-04-09 15:52:16'),
(1222, 11, 61, 1, 0, 'like', '2020-04-09 15:52:19'),
(1223, 17, 61, 1, 0, 'like', '2020-04-09 15:52:20'),
(1224, 4, 61, 1, 0, 'like', '2020-04-09 15:52:20'),
(1225, 1, 61, 1, 0, 'like', '2020-04-09 15:52:21'),
(1226, 2, 61, 1, 0, 'like', '2020-04-09 15:52:22'),
(1227, 62, 61, 1, 0, 'unlike', '2020-04-09 15:52:25'),
(1228, 63, 61, 1, 0, 'unlike', '2020-04-09 15:52:27'),
(1229, 9, 61, 1, 0, 'unlike', '2020-04-09 15:52:30'),
(1230, 16, 61, 1, 0, 'unlike', '2020-04-09 15:52:32'),
(1231, 7, 61, 1, 0, 'unlike', '2020-04-09 15:52:36'),
(1232, 6, 61, 1, 0, 'unlike', '2020-04-09 15:52:38'),
(1233, 3, 61, 1, 0, 'unlike', '2020-04-09 15:52:40'),
(1234, 12, 61, 1, 0, 'unlike', '2020-04-09 15:52:44'),
(1235, 11, 61, 1, 0, 'unlike', '2020-04-09 15:52:46'),
(1236, 17, 61, 1, 0, 'unlike', '2020-04-09 15:52:48'),
(1237, 4, 61, 1, 0, 'unlike', '2020-04-09 15:52:49'),
(1238, 1, 61, 1, 0, 'unlike', '2020-04-09 15:52:50'),
(1239, 2, 61, 1, 0, 'unlike', '2020-04-09 15:52:52'),
(1240, 62, 61, 1, 0, 'like', '2020-04-09 15:54:12'),
(1241, 62, 61, 1, 0, 'unlike', '2020-04-09 15:55:53'),
(1242, 62, 61, 1, 0, 'like', '2020-04-09 15:55:59'),
(1243, 1, 61, 1, 0, 'like', '2020-04-09 15:56:01'),
(1244, 63, 61, 1, 0, 'like', '2020-04-09 15:56:02'),
(1245, 3, 61, 1, 0, 'like', '2020-04-09 15:56:05'),
(1246, 62, 61, 1, 0, 'unlike', '2020-04-09 15:56:12'),
(1247, 1, 61, 1, 0, 'unlike', '2020-04-09 15:56:13'),
(1248, 63, 61, 1, 0, 'unlike', '2020-04-09 15:56:13'),
(1249, 3, 61, 1, 0, 'unlike', '2020-04-09 15:56:14'),
(1250, 62, 61, 1, 0, 'like', '2020-04-09 17:40:51'),
(1251, 1, 61, 1, 0, 'like', '2020-04-09 17:40:52'),
(1252, 63, 61, 1, 0, 'like', '2020-04-09 17:40:53'),
(1253, 62, 61, 1, 0, 'unlike', '2020-04-09 17:40:57'),
(1254, 1, 61, 1, 0, 'unlike', '2020-04-09 17:40:58'),
(1255, 63, 61, 1, 0, 'unlike', '2020-04-09 17:40:59'),
(1256, 62, 61, 1, 0, 'like', '2020-04-10 13:03:12'),
(1257, 62, 61, 1, 0, 'unlike', '2020-04-10 13:03:15'),
(1258, 62, 61, 1, 0, 'like', '2020-04-10 13:36:24'),
(1259, 63, 61, 1, 0, 'like', '2020-04-10 13:36:26'),
(1260, 3, 61, 1, 0, 'like', '2020-04-10 13:36:28'),
(1261, 6, 61, 1, 0, 'like', '2020-04-10 13:36:30'),
(1262, 2, 61, 1, 0, 'like', '2020-04-10 13:36:31'),
(1263, 62, 61, 1, 0, 'unlike', '2020-04-10 13:36:33'),
(1264, 63, 61, 1, 0, 'unlike', '2020-04-10 13:36:34'),
(1265, 3, 61, 1, 0, 'unlike', '2020-04-10 13:36:35'),
(1266, 6, 61, 1, 0, 'unlike', '2020-04-10 13:36:35'),
(1267, 2, 61, 1, 0, 'unlike', '2020-04-10 13:36:36'),
(1268, 63, 61, 1, 0, 'like', '2020-04-11 17:09:27'),
(1269, 3, 61, 1, 0, 'like', '2020-04-11 17:09:28'),
(1270, 63, 61, 1, 0, 'unlike', '2020-04-11 17:09:31'),
(1271, 3, 61, 1, 0, 'unlike', '2020-04-11 17:09:32');

-- --------------------------------------------------------

--
-- Структура таблицы `pictures`
--

CREATE TABLE `pictures` (
  `id` int(11) NOT NULL,
  `id_belong` int(11) NOT NULL,
  `source` varchar(255) DEFAULT NULL,
  `mainpic` tinyint(1) UNSIGNED DEFAULT '0' COMMENT 'Main pic value'
) ENGINE=InnoDB DEFAULT CHARSET=utf8;

--
-- Дамп данных таблицы `pictures`
--

INSERT INTO `pictures` (`id`, `id_belong`, `source`, `mainpic`) VALUES
(86, 62, 'uploads/62/cartman.gif', 1),
(87, 1, 'uploads/1/73XT[1].gif', 1),
(88, 2, 'uploads/2/7QP2[1].gif', 1),
(89, 3, 'uploads/3/1517916045-32553402[1].jpg', 1),
(90, 4, 'uploads/4/480x0_100135_liela[1].jpg', 1),
(91, 5, 'uploads/5/WikiLeaks_NSA_Intercepts_Foreign_Minister_Cartoon[1].gif', 1),
(92, 6, 'uploads/6/giphy[1].gif', 1),
(93, 7, 'uploads/7/giphy[1].gif', 1),
(94, 8, 'uploads/8/tenor[1].gif', 1),
(95, 9, 'uploads/9/giphy[6].gif', 1),
(96, 10, 'uploads/10/giphy[1].gif', 1),
(97, 11, 'uploads/11/source[1].gif', 1),
(98, 12, 'uploads/12/tenor[1].gif', 1),
(99, 13, 'uploads/13/source[1].gif', 1),
(100, 14, 'uploads/14/InfiniteAdeptCranefly-size_restricted[1].gif', 1),
(101, 15, 'uploads/15/giphy[1].gif', 1),
(102, 16, 'uploads/16/giphy[1].gif', 1),
(103, 17, 'uploads/17/tenor[1].gif', 1),
(104, 18, 'uploads/18/B7Hs[1].gif', 1),
(105, 19, 'uploads/19/4yYl[1].gif', 1),
(106, 20, 'uploads/20/giphy[1].gif', 1),
(113, 61, 'uploads/61/12537[1].gif', 0),
(114, 63, 'uploads/63/cartman.gif', 1),
(117, 61, 'uploads/61/tea[1].gif', 1);

-- --------------------------------------------------------

--
-- Структура таблицы `tags`
--

CREATE TABLE `tags` (
  `id` int(11) NOT NULL,
  `id_belong` int(11) NOT NULL,
  `algorythm` tinyint(1) UNSIGNED DEFAULT NULL COMMENT 'Love difficault algs',
  `graphics` tinyint(1) UNSIGNED DEFAULT NULL COMMENT 'Fancy for drawing',
  `unix` tinyint(1) UNSIGNED DEFAULT NULL COMMENT 'I WILL MAKE MY OWN LINUX',
  `sysadmin` tinyint(1) UNSIGNED DEFAULT NULL COMMENT 'Will u marry me, Docker?',
  `web` tinyint(1) UNSIGNED DEFAULT NULL COMMENT 'Im in love with PHP'
) ENGINE=InnoDB DEFAULT CHARSET=utf8;

--
-- Дамп данных таблицы `tags`
--

INSERT INTO `tags` (`id`, `id_belong`, `algorythm`, `graphics`, `unix`, `sysadmin`, `web`) VALUES
(1, 1, 1, 0, 1, 0, 0),
(2, 2, 1, 0, 0, 1, 0),
(3, 3, 0, 1, 1, 1, 0),
(4, 4, 1, 0, 0, 0, 1),
(5, 5, 0, 1, 1, 0, 1),
(6, 6, 1, 0, 1, 0, 1),
(7, 7, 1, 1, 1, 0, 1),
(8, 8, 0, 1, 0, 0, 0),
(9, 9, 1, 1, 1, 1, 1),
(10, 10, 0, 1, 0, 1, 0),
(11, 11, 1, 0, 1, 0, 0),
(12, 12, 1, 0, 0, 1, 1),
(13, 13, 1, 1, 1, 1, 1),
(14, 14, 1, 0, 0, 0, 1),
(15, 15, 0, 1, 1, 0, 1),
(16, 16, 1, 1, 1, 1, 1),
(17, 17, 0, 1, 0, 0, 1),
(18, 18, 1, 0, 1, 0, 0),
(19, 19, 1, 1, 1, 0, 1),
(20, 20, 1, 1, 0, 1, 0),
(98, 61, 1, 1, 1, 1, 1),
(217, 62, 1, 1, 1, 1, 1),
(282, 63, 1, 1, 1, 1, 1);

-- --------------------------------------------------------

--
-- Структура таблицы `users`
--

CREATE TABLE `users` (
  `id` int(11) NOT NULL,
  `login` varchar(32) NOT NULL,
  `firstName` varchar(32) NOT NULL,
  `lastName` varchar(32) NOT NULL,
  `isactive` tinyint(1) NOT NULL DEFAULT '1',
  `age` int(2) NOT NULL,
  `password` char(128) NOT NULL,
  `gender` char(1) DEFAULT NULL,
  `email` varchar(255) NOT NULL,
  `hash` varchar(128) DEFAULT NULL,
  `bio` text,
  `sexuality` char(12) DEFAULT 'bisexual',
  `rating` int(11) NOT NULL DEFAULT '0',
  `longitude` decimal(9,6) DEFAULT NULL,
  `latitude` decimal(9,6) DEFAULT NULL,
  `updated_at` datetime DEFAULT NULL
) ENGINE=InnoDB DEFAULT CHARSET=utf8;

--
-- Дамп данных таблицы `users`
--

INSERT INTO `users` (`id`, `login`, `firstName`, `lastName`, `isactive`, `age`, `password`, `gender`, `email`, `hash`, `bio`, `sexuality`, `rating`, `longitude`, `latitude`, `updated_at`) VALUES
(1, 'Moscow', 'Vladimir', 'Putin', 0, 67, '$2y$10$C3MmNdYJqysk2nr7elhkfeZSa2XmaSZZhhiiBzQ.9Q5hVIXizhONG', 'M', '1', '1', 'Moscow is the capital and most populous city of Russia. \r\nWith over 12 million residents living within the city limits of 2,511 square kilometres (970 sq mi) as of 2019, Moscow is among the worlds \r\nlargest cities, being the second-most populous city in Europe, the most populous city entirely within Europe, and also the largest city (by area) \r\non the European continent.', 'heterosexual', 80, '37.615560', '55.752220', '2020-03-16 11:19:25'),
(2, 'Paris', 'Emmanuel Jean-Michel Frédéric', 'Macron', 0, 42, '$2y$10$C3MmNdYJqysk2nr7elhkfeZSa2XmaSZZhhiiBzQ.9Q5hVIXizhONG', 'M', 'lol@mail.ru', '1', 'The City of Paris is the centre and seat of government of the Île-de-France, \r\nor Paris Region, which has an estimated official 2020 population of 12,278,210, or about 18 percent of the population of France. The Paris Region had a GDP \r\nof €709 billion ($808 billion) in 2017. According to the Economist Intelligence Unit Worldwide Cost of Living Survey in 2018, Paris was the second most \r\nexpensive city in the world, after Singapore, and ahead of Zürich, Hong Kong, Oslo and Geneva.Another source ranked Paris as most expensive, on a par \r\nwith Singapore and Hong Kong, in 2018.', 'heterosexual', 25, '2.352221', '48.856614', '2020-04-08 14:53:36'),
(3, 'Warsaw', 'Andjei', 'Duda', 0, 47, '$2y$10$C3MmNdYJqysk2nr7elhkfeZSa2XmaSZZhhiiBzQ.9Q5hVIXizhONG', 'M', '1', '1', 'Warsaw is the capital and largest city of Poland. The metropolis stands on the Vistula River in east-central \r\nPoland and its population is officially estimated at 1.8 million residents within a greater metropolitan area of 3.1 million residents, which makes Warsaw \r\nthe 7th most-populous capital city in the European Union. The city limits cover 517.24 square kilometres (199.71 sq mi), while the metropolitan area \r\ncovers 6,100.43 square kilometres (2,355.39 sq mi). Warsaw is an alpha global city, a major international tourist destination, and a significant cultural, \r\npolitical and economic hub. Its historical old town was designated a UNESCO World Heritage Site', 'heterosexual', 4, '21.012228', '52.229675', '2020-03-16 11:20:11'),
(4, 'Riga', 'Egil', 'Levits', 0, 64, '$2y$10$C3MmNdYJqysk2nr7elhkfeZSa2XmaSZZhhiiBzQ.9Q5hVIXizhONG', 'F', '1', '1', 'Riga is the capital of Latvia and is home to 632,614 inhabitants (2019), \r\nwhich is a third of Latvia s population. Being significantly larger than other cities of Latvia, Riga is the country s primate city. \r\nIt is also the largest city in the three Baltic states and is home to one tenth of the three Baltic states combined population. \r\nThe city lies on the Gulf of Riga at the mouth of the Daugava river where it meets the Baltic Sea. Riga s territory covers 307.17 km2 (118.60 sq mi) \r\nand lies 1–10 m (3 ft 3 in–32 ft 10 in) above sea level, on a flat and sandy plain', 'homosexual', 67, '24.105186', '56.949648', '2020-03-16 11:20:49'),
(5, 'Berlin', 'Frank-Walter', 'Steinmeier', 0, 63, '$2y$10$C3MmNdYJqysk2nr7elhkfeZSa2XmaSZZhhiiBzQ.9Q5hVIXizhONG', 'F', '1', '1', 'Berlin is the capital and largest city of Germany by both area and population. \r\nIts 3,748,148 (2018) inhabitants make it the most populous city proper of the European Union. The city is one of Germany s 16 federal states. \r\nIt is surrounded by the state of Brandenburg, and contiguous with Potsdam, Brandenburgs capital. The two cities are at the center of the Berlin-Brandenburg capital region, \r\nwhich is, with about six million inhabitants and an area of more than 30,000 km², Germany s third-largest metropolitan region after the Rhine-Ruhr \r\nand Rhine-Main regions.', 'heterosexual', 85, '13.404954', '52.520006', '2020-03-16 11:21:08'),
(6, 'London', 'Elizabeth', 'The second', 0, 93, '$2y$10$C3MmNdYJqysk2nr7elhkfeZSa2XmaSZZhhiiBzQ.9Q5hVIXizhONG', 'F', '1', '1', 'London is the capital and largest city of England and the United Kingdom. \r\nStanding on the River Thames in the south-east of England, at the head of its 50-mile (80 km) estuary leading to the North Sea, London has been a major settlement for two millennia. \r\nLondinium was founded by the Romans. The City of London, London s ancient core − an area of just 1.12 square miles (2.9 km2) and colloquially known \r\nas the Square Mile − retains boundaries that closely follow its medieval limits. The City of Westminster is also an Inner London borough holding city status. \r\nGreater London is governed by the Mayor of London and the London Assembly', 'homosexual', 29, '-0.127758', '51.507350', '2020-04-08 19:40:30'),
(7, 'Athens', 'Katherina', 'Sakellaropulu', 0, 63, '$2y$10$C3MmNdYJqysk2nr7elhkfeZSa2XmaSZZhhiiBzQ.9Q5hVIXizhONG', 'F', '1', '1', 'Athens is the capital and largest city of Greece. \r\nAthens dominates the Attica region and is one of the world s oldest cities, with its recorded history spanning over 3,400 years\r\n and its earliest human presence started somewhere between the 11th and 7th millennium BC', 'bisexual', 18, '23.729359', '37.983917', '2020-03-16 11:21:56'),
(8, 'Rome', 'Sergio', 'Mattarella', 0, 78, '$2y$10$C3MmNdYJqysk2nr7elhkfeZSa2XmaSZZhhiiBzQ.9Q5hVIXizhONG', 'F', '1', '1', 'Rome  is the capital city and a special comune of Italy (named Comune di Roma Capitale). \r\nRome also serves as the capital of the Lazio region. With 2,879,728 residents in 1,285 km2 (496.1 sq mi), it is also the countrys most populated comune. \r\nIt is the third most populous city in the European Union by population within city limits. It is the centre of the Metropolitan City of Rome, \r\nwhich has a population of 4,355,725 residents, thus making it the second or third most populous metropolitan city in Italy depending on definition. \r\nRome is located in the central-western portion of the Italian Peninsula, within Lazio (Latium), along the shores of the Tiber. \r\nVatican City (the smallest country in the world) is an independent country inside the city boundaries of Rome, \r\nthe only existing example of a country within a city; for this reason Rome has sometimes been defined as the capital of two states', 'heterosexual', 41, '12.496365', '41.902783', '2020-03-16 11:22:17'),
(9, 'New-York', 'Donald', 'Trump', 0, 73, '$2y$10$C3MmNdYJqysk2nr7elhkfeZSa2XmaSZZhhiiBzQ.9Q5hVIXizhONG', 'M', '1', '1', 'NYC  is the most populous city in the United States. \r\nWith an estimated 2018 population of 8,398,748 distributed over about 302.6 square miles (784 km2), New York is also the most densely populated major city in the United States. \r\nLocated at the southern tip of the U.S. state of New York, the city is the center of the New York metropolitan area, \r\nthe largest metropolitan area in the world by urban landmass. With almost 20 million people in its metropolitan statistical area and approximately 23 million in its combined statistical area, \r\nit is one of the worlds most populous megacities. New York City has been described as the cultural, financial, and media capital of the world, \r\nsignificantly influencing commerce, entertainment, research, technology, education, politics, tourism, art, fashion, and sports. Home to the headquarters of the United Nations, \r\nNew York is an important center for international diplomacy', 'heterosexual', 59, '-74.005941', '40.712783', '2020-03-16 11:22:40'),
(10, 'Sydney', 'Scott', 'Morrison', 0, 51, '$2y$10$C3MmNdYJqysk2nr7elhkfeZSa2XmaSZZhhiiBzQ.9Q5hVIXizhONG', 'M', '1', '1', 'Sydney  is the state capital of New South Wales and the most populous city in Australia and Oceania. Located on Australias east coast, \r\nthe metropolis surrounds Port Jackson and extends about 70 km (43.5 mi) on its periphery towards the Blue Mountains to the west, Hawkesbury to the north, \r\nthe Royal National Park to the south and Macarthur to the south-west. Sydney is made up of 658 suburbs, 40 local government areas and 15 contiguous regions. \r\nResidents of the city are known as \"Sydneysiders\". As of June 2017, Sydneys estimated metropolitan population was 5,230,330 and is home to approximately 65% \r\nof the states population.', 'homosexual', 67, '151.206990', '-33.867486', '2020-03-16 11:23:02'),
(11, 'Mumbai', 'Ram Nath', 'Covind', 0, 74, '$2y$10$C3MmNdYJqysk2nr7elhkfeZSa2XmaSZZhhiiBzQ.9Q5hVIXizhONG', 'F', '1', '1', 'According to United Nations, as of 2018, Mumbai was the second most populous city in India after \r\nDelhi and the seventh most populous city in the world with a population of 19.98 million. As per Indian government population census of 2011, \r\nMumbai was the most populous city in India with an estimated city proper population of 12.5 million living under Municipal Corporation of Greater Mumbai. \r\nMumbai is the centre of the Mumbai Metropolitan Region, the sixth most populous metropolitan area in the world with a population of over 23.64 million. \r\nMumbai lies on the Konkan coast on the west coast of India and has a deep natural harbour. In 2008, Mumbai was named an alpha world city. \r\nIt is also the wealthiest city in India, and has the highest number of millionaires and billionaires among all cities in India. Mumbai is home to three UNESCO World Heritage Sites: the Elephanta Caves, \r\nChhatrapati Shivaji Maharaj Terminus, and the citys distinctive ensemble of Victorian and Art Deco buildings.', 'bisexual', 98, '72.877655', '19.075983', '2020-03-16 11:23:20'),
(12, 'Beijin', 'Si', 'Tzinpin', 0, 66, '$2y$10$C3MmNdYJqysk2nr7elhkfeZSa2XmaSZZhhiiBzQ.9Q5hVIXizhONG', 'M', '1', '1', 'Beijin  is the capital of the Peoples Republic of China. It is the worlds most populous capital city, \r\nwith over 21 million residents within an administrative area of 16,410.5 km2. The city, located in northern China, is governed as a municipality under the direct administration of the central government with 16 urban, \r\nsuburban, and rural districts. Beijing is mostly surrounded by Hebei Province with the exception of neighboring Tianjin to the southeast; together, \r\nthe three divisions form the Jingjinji megalopolis and the national capital region of China.', 'heterosexual', 71, '116.407395', '39.904211', '2020-03-16 11:23:42'),
(13, 'Vladivostok', 'Dmitry', 'Medvedev', 0, 54, '$2y$10$C3MmNdYJqysk2nr7elhkfeZSa2XmaSZZhhiiBzQ.9Q5hVIXizhONG', 'M', '1', '1', 'Vladivostok is a city and the administrative centre of the Far Eastern Federal District and Primorsky Krai, Russia, \r\nlocated around the Golden Horn Bay, not far from Russias borders with China and North Korea. The population of the city as of 2019 was 605,049 up from 592,034 \r\nrecorded in the 2010 Russian census. Harbin in China is about 515 kilometres (320 mi) away, while Sapporo in Japan is about 775 kilometres (482 mi) east across the Sea of Japan.', 'homosexual', 14, '131.900000', '43.133333', '2020-03-16 11:35:49'),
(14, 'Cape town', 'Matamela Cyril', 'Ramaphosa', 0, 67, '$2y$10$C3MmNdYJqysk2nr7elhkfeZSa2XmaSZZhhiiBzQ.9Q5hVIXizhONG', 'F', '1', '1', 'Cape Town is the second most populous city in South Africa after Johannesburg and also the legislative capital of South Africa. \r\nColloquially named the Mother City, it is the largest city of the Western Cape province and forms part of the City of Cape Town metropolitan municipality. \r\nThe Parliament of South Africa sits in Cape Town. The other two capitals are located in Pretoria (the executive capital where the Presidency is based) and Bloemfontein \r\n(the judicial capital where the Supreme Court of Appeal is located). The city is known for its harbour, for its natural setting in the Cape Floristic Region, and for landmarks such as Table Mountain and Cape Point. \r\nCape Town is home to 64% of the Western Capes population', 'heterosexual', 82, '18.424055', '-33.924868', '2020-03-16 11:24:46'),
(15, 'Cairo', 'Khalil', 'As-Sisi', 0, 65, '$2y$10$C3MmNdYJqysk2nr7elhkfeZSa2XmaSZZhhiiBzQ.9Q5hVIXizhONG', 'F', '1', '1', 'Cairo is the capital of Egypt and the largest city in the Arab world. Its metropolitan area, with a population of over 20 million, is the largest in Africa, the Arab world, \nand the Middle East, and the 15th-largest in the world. Cairo is associated with ancient Egypt, as the famous Giza pyramid complex and the ancient city of Memphis are located in its geographical area. \nLocated near the Nile Delta, Cairo was founded in 969 AD by the Fatimid dynasty, \nbut the land composing the present-day city was the site of ancient national capitals whose remnants remain visible in parts of Old Cairo. Cairo has long been a centre of the regions political and cultural life, \nand is titled \"the city of a thousand minarets\" for its preponderance of Islamic architecture. Cairo is considered a World City with a \"Beta +\" classification according to GaWC.', 'heterosexual', 22, '31.235711', '30.044419', '2020-03-16 23:26:39'),
(16, 'Brasilia', 'Jair', 'Bolsonaro', 0, 64, '$2y$10$C3MmNdYJqysk2nr7elhkfeZSa2XmaSZZhhiiBzQ.9Q5hVIXizhONG', 'M', '1', '1', 'Brasilia is the federal capital of Brazil and seat of government of the Federal District. The city is located atop the Brazilian highlands in the countrys center-western region. \r\nIt was founded on April 21, 1960, to serve as the new national capital. Brasília is estimated to be Brazils third-most populous city. \r\nAmong major Latin American cities, it has the highest GDP per capita', 'heterosexual', 43, '-47.882165', '-15.794228', '2020-03-16 11:25:57'),
(17, 'Astana', 'Kasym-Jomar', 'Tokaev', 0, 66, '$2y$10$C3MmNdYJqysk2nr7elhkfeZSa2XmaSZZhhiiBzQ.9Q5hVIXizhONG', 'M', '1', '1', 'Astana(Nur-Sultan) is the capital city of Kazakhstan. In March 2019, it was renamed to Nur-Sultan after the departing Kazakh president, Nursultan Nazarbayev. \r\nIt stands on the banks of the Ishim River in the northern portion of Kazakhstan, within the Akmola Region, though administered separately from the region as a city with special status. \r\nA 2017 official estimate reported a population of 1,029,556 within the city limits, making it the second-largest city in the country, behind Almaty, the capital from 1991 to 1997', 'bisexual', 69, '71.470355', '51.160522', '2020-03-16 11:26:22'),
(18, 'Ulan Bator', 'Battulga', 'Haltmaygin', 0, 57, '$2y$10$C3MmNdYJqysk2nr7elhkfeZSa2XmaSZZhhiiBzQ.9Q5hVIXizhONG', 'F', '1', '1', 'Ulan Bator is the capital and largest city of Mongolia. The city is not part of any aimag (province), and its population as of 2014 was over 1.3 million, \r\nalmost half of the countryss population. The municipality is in north central Mongolia at an elevation of about 1,300 meters (4,300 ft) in a valley on the Tuul River. It is the countrys cultural, industrial and financial heart, \r\nthe centre of Mongolias road network and connected by rail to both the Trans-Siberian Railway in Russia and the Chinese railway system', 'heterosexual', 93, '106.920000', '47.920000', '2020-03-16 11:26:52'),
(19, 'Santiago', 'Sebastyan', 'Pernera', 0, 70, '$2y$10$C3MmNdYJqysk2nr7elhkfeZSa2XmaSZZhhiiBzQ.9Q5hVIXizhONG', 'M', '1', '1', 'Santiago is the capital and largest city of Chile as well as one of the largest cities in the Americas. It is the center of Chiles largest and most densely populated conurbation, \r\nthe Santiago Metropolitan Region, whose total population is 7 million. The city is entirely located in the countrys central valley. Most of the city lies between 500 m (1,640 ft) and 650 m (2,133 ft) above mean sea level.', 'homosexual', 18, '-70.641997', '-33.469119', '2020-03-16 11:27:30'),
(20, 'Helsinki', 'Väinämö Niinistö', 'Sauli', 0, 71, '$2y$10$C3MmNdYJqysk2nr7elhkfeZSa2XmaSZZhhiiBzQ.9Q5hVIXizhONG', 'F', '1', '1', 'Helsinki is the capital and most populous city of Finland. Located on the shore of the Gulf of Finland, it is the seat of the region of Uusimaa in southern Finland, and has a population of 650,058. \r\nThe citys urban area has a population of 1,268,296, making it by far the most populous urban area in Finland as well as the countrys most important center for politics, education, finance, culture, and research. \r\nHelsinki is located 80 kilometres (50 mi) north of Tallinn, Estonia, 400 km (250 mi) east of Stockholm, Sweden, and 300 km (190 mi) west of Saint Petersburg, Russia. It has close historical ties with these three cities.', 'heterosexual', 33, '24.941024', '60.173324', '2020-03-16 11:37:33'),
(61, 'mbennis', 'Eugene', 'Erbin', 0, 23, '$2y$10$g61vUT1BEbBq8tMW6H5FuOM8KoUg0lp34fnq/FMq455SD2FR5BmNm', 'F', 'root.ia.pokrov@gmail.com', 'b50b2c6aff9786ed413cf2087f846a6c', 'Lorem ipsum dolor sit amet, consectetur adipiscing elit, sed do eiusmod tempor incididunt ut labore et dolore magna aliqua.', 'bisexual', 80, '39.900700', '59.219500', '2020-04-11 17:17:06'),
(62, 'Pkerstin', 'Basil', 'Goremykin', 0, 23, '$2y$10$Z1YFV8rIqfOMl3x0OVn9l.J.iy3ojLaGxN7GHHS87CDAwyXx8fGla', 'M', 'basilgoremykin@mail.ru', '85c2510361d2fec28d112ef0fdfe3f9a', 'Superuser. You have won!', 'bisexual', 84, '37.617300', '55.755800', '2020-04-08 13:00:12'),
(63, 'Pkerstin2', 'Basil', 'Basili', 0, 20, '$2y$10$b2SHXCbPI0WMYFEHI.GoZulcBnlmgVdAufAfzhk224xbuSwtneRle', 'F', 'bsltrade12345@gmail.com', 'd4b3f7c8edda9827aff9fc4cdb4f171e', 'asdffghsdfsdfsssssssssssssssssssssssssssssssss', 'bisexual', 6, '41.450400', '52.724200', '2020-04-08 15:16:33'),
(64, 'Eugene', 'Eugene', 'Qerety', 1, 18, '$2y$10$J5GV96v3xVbToKANyNwEAe2HrY/B30BHPJRrSlQHyjtH4uEpWL8rq', NULL, 'ctzmrmquvdyhuorjcy@ttirv.net', '918e862585716e5f6be3899347d4ae4c', NULL, 'bisexual', 0, NULL, NULL, NULL),
(65, 'mbennis1', 'Eugene', 'Erbin', 0, 25, '$2y$10$f0fLAeK2933CkyVE.g0cc.VTPH8rJujW2cBY0vkTlF3RzQKa2flsi', NULL, 'ezvrwgomvvshadscxr@awdrt.org', '16ccc11fd5d6571f1c71342f12bbcb48', NULL, 'bisexual', 0, NULL, NULL, '2020-04-09 16:47:25');

-- --------------------------------------------------------

--
-- Структура таблицы `visitors`
--

CREATE TABLE `visitors` (
  `id` int(11) NOT NULL,
  `id_belong` int(11) NOT NULL,
  `id_visitor` int(11) NOT NULL
) ENGINE=InnoDB DEFAULT CHARSET=utf8;

--
-- Индексы сохранённых таблиц
--

--
-- Индексы таблицы `blocks`
--
ALTER TABLE `blocks`
  ADD PRIMARY KEY (`id`),
  ADD KEY `id_belong` (`id_belong`);

--
-- Индексы таблицы `chat`
--
ALTER TABLE `chat`
  ADD PRIMARY KEY (`id`),
  ADD KEY `id_poster` (`id_poster`),
  ADD KEY `id_receptor` (`id_receptor`);

--
-- Индексы таблицы `likes`
--
ALTER TABLE `likes`
  ADD PRIMARY KEY (`id`),
  ADD KEY `id_belong` (`id_belong`);

--
-- Индексы таблицы `notifications`
--
ALTER TABLE `notifications`
  ADD PRIMARY KEY (`id`),
  ADD KEY `id_belong` (`id_belong`),
  ADD KEY `id_sender` (`id_sender`);

--
-- Индексы таблицы `pictures`
--
ALTER TABLE `pictures`
  ADD PRIMARY KEY (`id`),
  ADD KEY `id_belong` (`id_belong`);

--
-- Индексы таблицы `tags`
--
ALTER TABLE `tags`
  ADD PRIMARY KEY (`id`),
  ADD UNIQUE KEY `id_belong` (`id_belong`);

--
-- Индексы таблицы `users`
--
ALTER TABLE `users`
  ADD PRIMARY KEY (`id`);

--
-- Индексы таблицы `visitors`
--
ALTER TABLE `visitors`
  ADD PRIMARY KEY (`id`),
  ADD KEY `id_belong` (`id_belong`);

--
-- AUTO_INCREMENT для сохранённых таблиц
--

--
-- AUTO_INCREMENT для таблицы `blocks`
--
ALTER TABLE `blocks`
  MODIFY `id` int(11) NOT NULL AUTO_INCREMENT, AUTO_INCREMENT=82;

--
-- AUTO_INCREMENT для таблицы `chat`
--
ALTER TABLE `chat`
  MODIFY `id` int(11) NOT NULL AUTO_INCREMENT;

--
-- AUTO_INCREMENT для таблицы `likes`
--
ALTER TABLE `likes`
  MODIFY `id` int(11) NOT NULL AUTO_INCREMENT, AUTO_INCREMENT=414;

--
-- AUTO_INCREMENT для таблицы `notifications`
--
ALTER TABLE `notifications`
  MODIFY `id` int(11) NOT NULL AUTO_INCREMENT, AUTO_INCREMENT=1272;

--
-- AUTO_INCREMENT для таблицы `pictures`
--
ALTER TABLE `pictures`
  MODIFY `id` int(11) NOT NULL AUTO_INCREMENT, AUTO_INCREMENT=118;

--
-- AUTO_INCREMENT для таблицы `tags`
--
ALTER TABLE `tags`
  MODIFY `id` int(11) NOT NULL AUTO_INCREMENT, AUTO_INCREMENT=336;

--
-- AUTO_INCREMENT для таблицы `users`
--
ALTER TABLE `users`
  MODIFY `id` int(11) NOT NULL AUTO_INCREMENT, AUTO_INCREMENT=66;

--
-- AUTO_INCREMENT для таблицы `visitors`
--
ALTER TABLE `visitors`
  MODIFY `id` int(11) NOT NULL AUTO_INCREMENT;

--
-- Ограничения внешнего ключа сохраненных таблиц
--

--
-- Ограничения внешнего ключа таблицы `blocks`
--
ALTER TABLE `blocks`
  ADD CONSTRAINT `blocks_ibfk_1` FOREIGN KEY (`id_belong`) REFERENCES `users` (`id`) ON DELETE CASCADE;

--
-- Ограничения внешнего ключа таблицы `chat`
--
ALTER TABLE `chat`
  ADD CONSTRAINT `chat_ibfk_1` FOREIGN KEY (`id_poster`) REFERENCES `users` (`id`) ON DELETE CASCADE,
  ADD CONSTRAINT `chat_ibfk_2` FOREIGN KEY (`id_receptor`) REFERENCES `users` (`id`) ON DELETE CASCADE;

--
-- Ограничения внешнего ключа таблицы `likes`
--
ALTER TABLE `likes`
  ADD CONSTRAINT `likes_ibfk_1` FOREIGN KEY (`id_belong`) REFERENCES `users` (`id`) ON DELETE CASCADE;

--
-- Ограничения внешнего ключа таблицы `notifications`
--
ALTER TABLE `notifications`
  ADD CONSTRAINT `notifications_ibfk_1` FOREIGN KEY (`id_belong`) REFERENCES `users` (`id`) ON DELETE CASCADE,
  ADD CONSTRAINT `notifications_ibfk_2` FOREIGN KEY (`id_sender`) REFERENCES `users` (`id`) ON DELETE CASCADE;

--
-- Ограничения внешнего ключа таблицы `pictures`
--
ALTER TABLE `pictures`
  ADD CONSTRAINT `pictures_ibfk_1` FOREIGN KEY (`id_belong`) REFERENCES `users` (`id`) ON DELETE CASCADE;

--
-- Ограничения внешнего ключа таблицы `tags`
--
ALTER TABLE `tags`
  ADD CONSTRAINT `tags_ibfk_1` FOREIGN KEY (`id_belong`) REFERENCES `users` (`id`) ON DELETE CASCADE;

--
-- Ограничения внешнего ключа таблицы `visitors`
--
ALTER TABLE `visitors`
  ADD CONSTRAINT `visitors_ibfk_1` FOREIGN KEY (`id_belong`) REFERENCES `users` (`id`) ON DELETE CASCADE;
COMMIT;

/*!40101 SET CHARACTER_SET_CLIENT=@OLD_CHARACTER_SET_CLIENT */;
/*!40101 SET CHARACTER_SET_RESULTS=@OLD_CHARACTER_SET_RESULTS */;
/*!40101 SET COLLATION_CONNECTION=@OLD_COLLATION_CONNECTION */;
